sku,name,brand,manufacturer,category,salt_1_name,salt_1_strength,salt_1_unit,salt_2_name,salt_2_strength,salt_2_unit,salt_3_name,salt_3_strength,salt_3_unit,salt_4_name,salt_4_strength,salt_4_unit,form,pack_size,pack_unit,price,mrp,gst_rate,stock,prescription_required,schedule_class,hsn_code,short_description,storage_instructions,usage_instructions,side_effects,contraindications,image_url_1,image_url_2,tags,is_active
PMS-A001,Avil 25,Avil,Sanofi,Respiratory & Allergy,Pheniramine Maleate,25,mg,,,,,,,,,,tablet,15,tablet,12.00,12.00,12,40,TRUE,H,30049099,Pheniramine Maleate 25 mg tablet for allergy and respiratory relief. Pack of 15 tablets.,"Store below 30C in a dry place, protected from light and moisture.",Use only as prescribed by your doctor.,,,,,price-unverified,TRUE
PMS-A002,Avil 50,Avil,Sanofi,Respiratory & Allergy,Pheniramine Maleate,50,mg,,,,,,,,,,tablet,15,tablet,24.00,24.00,12,40,TRUE,H,30049099,Pheniramine Maleate 50 mg tablet for allergy and respiratory relief. Pack of 15 tablets.,"Store below 30C in a dry place, protected from light and moisture.",Use only as prescribed by your doctor.,,,,,price-unverified,TRUE
PMS-A003,AF 200,AF,Aristo,Antibiotics,Fluconazole,200,mg,,,,,,,,,,tablet,4,tablet,95.00,95.00,12,40,TRUE,H,30049099,Fluconazole 200 mg tablet antibiotic for bacterial infections (antifungal). Pack of 4 tablets.,"Store below 30C in a dry place, protected from light and moisture.",Use only as prescribed by your doctor.,,,,,price-unverified,TRUE
PMS-A004,AF 400,AF,Aristo,Antibiotics,Fluconazole,400,mg,,,,,,,,,,tablet,1,tablet,48.00,48.00,12,40,TRUE,H,30049099,Fluconazole 400 mg tablet antibiotic for bacterial infections (antifungal). Pack of 1 tablets.,"Store below 30C in a dry place, protected from light and moisture.",Use only as prescribed by your doctor.,,,,,price-unverified,TRUE
PMS-A005,Amlovas-S 2.5,Amlovas-S,Macleods,Cardiac Care,S-Amlodipine,2.5,mg,,,,,,,,,,tablet,10,tablet,95.00,95.00,12,40,TRUE,H,30049099,S-Amlodipine 2.5 mg tablet for blood pressure and heart care. Pack of 10 tablets.,"Store below 30C in a dry place, protected from light and moisture.",Use only as prescribed by your doctor.,,,,,price-unverified,TRUE
PMS-A006,Amlovas-AT,Amlovas-AT,Macleods,Cardiac Care,Amlodipine,5,mg,Atenolol,50,mg,,,,,,,tablet,10,tablet,110.00,110.00,12,40,TRUE,H,30049099,Amlodipine 5 mg + Atenolol 50 mg tablet for blood pressure and heart care. Pack of 10 tablets.,"Store below 30C in a dry place, protected from light and moisture.",Use only as prescribed by your doctor.,,,,,price-unverified,TRUE
PMS-A007,Allegra 120,Allegra,Sanofi,Respiratory & Allergy,Fexofenadine,120,mg,,,,,,,,,,tablet,10,tablet,180.00,180.00,12,40,TRUE,H,30049099,Fexofenadine 120 mg tablet for allergy and respiratory relief. Pack of 10 tablets.,"Store below 30C in a dry place, protected from light and moisture.",Use only as prescribed by your doctor.,,,,,price-unverified,TRUE
PMS-A008,Allegra 180,Allegra,Sanofi,Respiratory & Allergy,Fexofenadine,180,mg,,,,,,,,,,tablet,10,tablet,220.00,220.00,12,40,TRUE,H,30049099,Fexofenadine 180 mg tablet for allergy and respiratory relief. Pack of 10 tablets.,"Store below 30C in a dry place, protected from light and moisture.",Use only as prescribed by your doctor.,,,,,price-unverified,TRUE
PMS-A009,Allegra-M,Allegra-M,Sanofi,Respiratory & Allergy,Fexofenadine,120,mg,Montelukast,10,mg,,,,,,,tablet,10,tablet,230.00,230.00,12,40,TRUE,H,30049099,Fexofenadine 120 mg + Montelukast 10 mg tablet for allergy and respiratory relief. Pack of 10 tablets.,"Store below 30C in a dry place, protected from light and moisture.",Use only as prescribed by your doctor.,,,,,price-unverified,TRUE
PMS-A010,Amaryl M Forte 1mg,Amaryl,Sanofi,Diabetes Care,Glimepiride,1,mg,Metformin,1000,mg,,,,,,,tablet,15,tablet,210.00,210.00,12,40,TRUE,H,30049099,Glimepiride 1 mg + Metformin 1000 mg tablet for blood sugar control. Pack of 15 tablets.,"Store below 30C in a dry place, protected from light and moisture.",Use only as prescribed by your doctor.,,,,,price-unverified,TRUE
PMS-A011,Amaryl M 1mg,Amaryl,Sanofi,Diabetes Care,Glimepiride,1,mg,Metformin,500,mg,,,,,,,tablet,15,tablet,150.00,150.00,12,40,TRUE,H,30049099,Glimepiride 1 mg + Metformin 500 mg tablet for blood sugar control. Pack of 15 tablets.,"Store below 30C in a dry place, protected from light and moisture.",Use only as prescribed by your doctor.,,,,,price-unverified,TRUE
PMS-A012,Amaryl M 2mg,Amaryl,Sanofi,Diabetes Care,Glimepiride,2,mg,Metformin,500,mg,,,,,,,tablet,15,tablet,190.00,190.00,12,40,TRUE,H,30049099,Glimepiride 2 mg + Metformin 500 mg tablet for blood sugar control. Pack of 15 tablets.,"Store below 30C in a dry place, protected from light and moisture.",Use only as prescribed by your doctor.,,,,,price-unverified,TRUE
PMS-A013,Alex Cough Syrup,Alex,Glenmark,Respiratory & Allergy,Chlorpheniramine Maleate,4,mg,Dextromethorphan,10,mg,Phenylephrine,5,mg,,,,syrup,100,ml,110.00,110.00,12,40,TRUE,H,30049099,Chlorpheniramine Maleate 4 mg + Dextromethorphan 10 mg + Phenylephrine 5 mg syrup for allergy and respiratory relief (per 5 ml). Pack of 100 ml.,"Store below 25C, protected from light. Do not refrigerate. Use within one month of opening.",Use only as prescribed by your doctor.,,,,,price-unverified,TRUE
PMS-A014,Azee 250,Azee,Cipla,Antibiotics,Azithromycin,250,mg,,,,,,,,,,tablet,6,tablet,68.00,68.00,12,40,TRUE,H,30049099,Azithromycin 250 mg tablet antibiotic for bacterial infections. Pack of 6 tablets.,"Store below 30C in a dry place, protected from light and moisture.",Use only as prescribed by your doctor.,,,,,price-unverified,TRUE
PMS-A015,Azee 500,Azee,Cipla,Antibiotics,Azithromycin,500,mg,,,,,,,,,,tablet,5,tablet,130.00,130.00,12,40,TRUE,H,30049099,Azithromycin 500 mg tablet antibiotic for bacterial infections. Pack of 5 tablets.,"Store below 30C in a dry place, protected from light and moisture.",Use only as prescribed by your doctor.,,,,,price-unverified,TRUE
PMS-A016,Azithral 250,Azithral,Alembic,Antibiotics,Azithromycin,250,mg,,,,,,,,,,tablet,6,tablet,70.00,70.00,12,40,TRUE,H,30049099,Azithromycin 250 mg tablet antibiotic for bacterial infections. Pack of 6 tablets.,"Store below 30C in a dry place, protected from light and moisture.",Use only as prescribed by your doctor.,,,,,price-unverified,TRUE
PMS-A017,Azithral 500,Azithral,Alembic,Antibiotics,Azithromycin,500,mg,,,,,,,,,,tablet,5,tablet,135.00,135.00,12,40,TRUE,H,30049099,Azithromycin 500 mg tablet antibiotic for bacterial infections. Pack of 5 tablets.,"Store below 30C in a dry place, protected from light and moisture.",Use only as prescribed by your doctor.,,,,,price-unverified,TRUE
PMS-A018,Amlokind-AT,Amlokind-AT,Mankind,Cardiac Care,Amlodipine,5,mg,Atenolol,50,mg,,,,,,,tablet,10,tablet,42.00,42.00,12,40,TRUE,H,30049099,Amlodipine 5 mg + Atenolol 50 mg tablet for blood pressure and heart care. Pack of 10 tablets.,"Store below 30C in a dry place, protected from light and moisture.",Use only as prescribed by your doctor.,,,,,price-unverified,TRUE
PMS-A019,Aciloc 150,Aciloc,Cadila,Gastro,Ranitidine,150,mg,,,,,,,,,,tablet,30,tablet,40.00,40.00,12,40,TRUE,H,30049099,Ranitidine 150 mg tablet for digestive and stomach care. Pack of 30 tablets.,"Store below 30C in a dry place, protected from light and moisture.",Use only as prescribed by your doctor.,,,,,price-unverified,TRUE
PMS-A020,Aciloc 300,Aciloc,Cadila,Gastro,Ranitidine,300,mg,,,,,,,,,,tablet,30,tablet,70.00,70.00,12,40,TRUE,H,30049099,Ranitidine 300 mg tablet for digestive and stomach care. Pack of 30 tablets.,"Store below 30C in a dry place, protected from light and moisture.",Use only as prescribed by your doctor.,,,,,price-unverified,TRUE
PMS-A021,Augmentin 625 Duo,Augmentin,GlaxoSmithKline,Antibiotics,Amoxicillin,500,mg,Clavulanic Acid,125,mg,,,,,,,tablet,10,tablet,205.00,205.00,12,40,TRUE,H,30049099,Amoxicillin 500 mg + Clavulanic Acid 125 mg tablet antibiotic for bacterial infections. Pack of 10 tablets.,"Store below 30C in a dry place, protected from light and moisture.",Use only as prescribed by your doctor.,,,,,price-unverified,TRUE
PMS-A022,Aceclo Plus,Aceclo,Aristo,Pain Relief,Aceclofenac,100,mg,Paracetamol,500,mg,,,,,,,tablet,10,tablet,60.00,60.00,12,40,TRUE,H,30049099,Aceclofenac 100 mg + Paracetamol 500 mg tablet for pain and fever relief. Pack of 10 tablets.,"Store below 30C in a dry place, protected from light and moisture.",Use only as prescribed by your doctor.,,,,,price-unverified,TRUE
PMS-A023,Aceclo MR,Aceclo,Aristo,Pain Relief,Aceclofenac,100,mg,Paracetamol,325,mg,Chlorzoxazone,250,mg,,,,tablet,10,tablet,90.00,90.00,12,40,TRUE,H,30049099,Aceclofenac 100 mg + Paracetamol 325 mg + Chlorzoxazone 250 mg tablet for pain and fever relief. Pack of 10 tablets.,"Store below 30C in a dry place, protected from light and moisture.",Use only as prescribed by your doctor.,,,,,price-unverified,TRUE
PMS-A024,Avomine,Avomine,Abbott,Gastro,Promethazine Theoclate,25,mg,,,,,,,,,,tablet,10,tablet,38.00,38.00,12,40,TRUE,H,30049099,"Promethazine Theoclate 25 mg tablet for digestive and stomach care (anti-emetic, motion sickness). Pack of 10 tablets.","Store below 30C in a dry place, protected from light and moisture.",Use only as prescribed by your doctor.,,,,,price-unverified,TRUE
PMS-A025,Atarax 10,Atarax,Dr Reddys,Neuro & Psychiatry,Hydroxyzine,10,mg,,,,,,,,,,tablet,15,tablet,45.00,45.00,12,40,TRUE,H,30049099,Hydroxyzine 10 mg tablet for neurological care. Pack of 15 tablets.,"Store below 30C in a dry place, protected from light and moisture.",Use only as prescribed by your doctor.,,,,,price-unverified,TRUE
PMS-A026,Atarax 25,Atarax,Dr Reddys,Neuro & Psychiatry,Hydroxyzine,25,mg,,,,,,,,,,tablet,15,tablet,70.00,70.00,12,40,TRUE,H,30049099,Hydroxyzine 25 mg tablet for neurological care. Pack of 15 tablets.,"Store below 30C in a dry place, protected from light and moisture.",Use only as prescribed by your doctor.,,,,,price-unverified,TRUE
PMS-A027,Azulix 1 MF,Azulix,Torrent,Diabetes Care,Glimepiride,1,mg,Metformin,500,mg,,,,,,,tablet,15,tablet,130.00,130.00,12,40,TRUE,H,30049099,Glimepiride 1 mg + Metformin 500 mg tablet for blood sugar control. Pack of 15 tablets.,"Store below 30C in a dry place, protected from light and moisture.",Use only as prescribed by your doctor.,,,,,price-unverified,TRUE
PMS-A028,Azulix 2 MF,Azulix,Torrent,Diabetes Care,Glimepiride,2,mg,Metformin,500,mg,,,,,,,tablet,15,tablet,165.00,165.00,12,40,TRUE,H,30049099,Glimepiride 2 mg + Metformin 500 mg tablet for blood sugar control. Pack of 15 tablets.,"Store below 30C in a dry place, protected from light and moisture.",Use only as prescribed by your doctor.,,,,,price-unverified,TRUE
PMS-A029,Aten 25,Aten,Zydus,Cardiac Care,Atenolol,25,mg,,,,,,,,,,tablet,14,tablet,30.00,30.00,12,40,TRUE,H,30049099,Atenolol 25 mg tablet for blood pressure and heart care. Pack of 14 tablets.,"Store below 30C in a dry place, protected from light and moisture.",Use only as prescribed by your doctor.,,,,,price-unverified,TRUE
PMS-A030,Aten 50,Aten,Zydus,Cardiac Care,Atenolol,50,mg,,,,,,,,,,tablet,14,tablet,42.00,42.00,12,40,TRUE,H,30049099,Atenolol 50 mg tablet for blood pressure and heart care. Pack of 14 tablets.,"Store below 30C in a dry place, protected from light and moisture.",Use only as prescribed by your doctor.,,,,,price-unverified,TRUE
PMS-A031,Aristozyme Liquid,Aristozyme,Aristo,Gastro,Fungal Diastase,50,mg,Pepsin,10,mg,,,,,,,syrup,200,ml,130.00,130.00,12,40,FALSE,OTC,30049099,"Fungal Diastase 50 mg + Pepsin 10 mg syrup for digestive and stomach care (digestive enzyme, per 15 ml). Pack of 200 ml.","Store below 25C, protected from light. Do not refrigerate. Use within one month of opening.",Use as directed on the label or by your pharmacist.,,,,,price-unverified,TRUE
PMS-A032,AKT-4 Kit,AKT-4,Lupin,Antibiotics,Rifampicin,450,mg,Isoniazid,300,mg,Ethambutol,800,mg,Pyrazinamide,750,mg,tablet,28,tablet,620.00,620.00,12,40,TRUE,H,30049099,Rifampicin 450 mg + Isoniazid 300 mg + Ethambutol 800 mg + Pyrazinamide 750 mg tablet antibiotic for bacterial infections (anti-tuberculosis combination). Pack of 28 tablets.,"Store below 30C in a dry place, protected from light and moisture.",Use only as prescribed by your doctor.,,,,,price-unverified,TRUE
PMS-A033,Anafortan,Anafortan,Abbott,Gastro,Camylofin,25,mg,Paracetamol,300,mg,,,,,,,tablet,10,tablet,55.00,55.00,12,40,TRUE,H,30049099,Camylofin 25 mg + Paracetamol 300 mg tablet for digestive and stomach care (antispasmodic). Pack of 10 tablets.,"Store below 30C in a dry place, protected from light and moisture.",Use only as prescribed by your doctor.,,,,,price-unverified,TRUE
PMS-A034,Asomex 2.5,Asomex,Emcure,Cardiac Care,S-Amlodipine,2.5,mg,,,,,,,,,,tablet,10,tablet,85.00,85.00,12,40,TRUE,H,30049099,S-Amlodipine 2.5 mg tablet for blood pressure and heart care. Pack of 10 tablets.,"Store below 30C in a dry place, protected from light and moisture.",Use only as prescribed by your doctor.,,,,,price-unverified,TRUE
PMS-A035,Amodep-AT,Amodep-AT,Systopic,Cardiac Care,Amlodipine,5,mg,Atenolol,50,mg,,,,,,,tablet,10,tablet,60.00,60.00,12,40,TRUE,H,30049099,Amlodipine 5 mg + Atenolol 50 mg tablet for blood pressure and heart care. Pack of 10 tablets.,"Store below 30C in a dry place, protected from light and moisture.",Use only as prescribed by your doctor.,,,,,price-unverified,TRUE
PMS-A036,Amlopin-AT,Amlopin-AT,Stadmed,Cardiac Care,Amlodipine,5,mg,Atenolol,50,mg,,,,,,,tablet,10,tablet,55.00,55.00,12,40,TRUE,H,30049099,Amlodipine 5 mg + Atenolol 50 mg tablet for blood pressure and heart care. Pack of 10 tablets.,"Store below 30C in a dry place, protected from light and moisture.",Use only as prescribed by your doctor.,,,,,price-unverified,TRUE
PMS-A037,Arkamin,Arkamin,Unichem,Cardiac Care,Clonidine,100,mcg,,,,,,,,,,tablet,10,tablet,40.00,40.00,12,40,TRUE,H,30049099,Clonidine 100 mcg tablet for blood pressure and heart care. Pack of 10 tablets.,"Store below 30C in a dry place, protected from light and moisture.",Use only as prescribed by your doctor.,,,,,price-unverified,TRUE
PMS-A038,Atorfit CV 10,Atorfit,Micro Labs,Cardiac Care,Atorvastatin,10,mg,Clopidogrel,75,mg,,,,,,,capsule,10,capsule,140.00,140.00,12,40,TRUE,H,30049099,Atorvastatin 10 mg + Clopidogrel 75 mg capsule for blood pressure and heart care. Pack of 10 capsules.,"Store below 30C in a dry place, protected from light and moisture.",Use only as prescribed by your doctor.,,,,,price-unverified,TRUE
PMS-A039,Atorfit CV 20,Atorfit,Micro Labs,Cardiac Care,Atorvastatin,20,mg,Clopidogrel,75,mg,,,,,,,capsule,10,capsule,175.00,175.00,12,40,TRUE,H,30049099,Atorvastatin 20 mg + Clopidogrel 75 mg capsule for blood pressure and heart care. Pack of 10 capsules.,"Store below 30C in a dry place, protected from light and moisture.",Use only as prescribed by your doctor.,,,,,price-unverified,TRUE
PMS-A040,Aristozyme Gold,Aristozyme,Aristo,Gastro,Fungal Diastase,100,mg,Pepsin,20,mg,,,,,,,capsule,10,capsule,95.00,95.00,12,40,FALSE,OTC,30049099,Fungal Diastase 100 mg + Pepsin 20 mg capsule for digestive and stomach care (digestive enzyme). Pack of 10 capsules.,"Store below 30C in a dry place, protected from light and moisture.",Use as directed on the label or by your pharmacist.,,,,,price-unverified,TRUE
PMS-B001,Brufen 200,Brufen,Abbott,Pain Relief,Ibuprofen,200,mg,,,,,,,,,,tablet,15,tablet,30.00,30.00,12,40,TRUE,H,30049099,Ibuprofen 200 mg tablet for pain and fever relief. Pack of 15 tablets.,"Store below 30C in a dry place, protected from light and moisture.",Use only as prescribed by your doctor.,,,,,price-unverified,TRUE
PMS-B002,Brufen 400,Brufen,Abbott,Pain Relief,Ibuprofen,400,mg,,,,,,,,,,tablet,15,tablet,45.00,45.00,12,40,TRUE,H,30049099,Ibuprofen 400 mg tablet for pain and fever relief. Pack of 15 tablets.,"Store below 30C in a dry place, protected from light and moisture.",Use only as prescribed by your doctor.,,,,,price-unverified,TRUE
PMS-B003,Brufen 600,Brufen,Abbott,Pain Relief,Ibuprofen,600,mg,,,,,,,,,,tablet,15,tablet,60.00,60.00,12,40,TRUE,H,30049099,Ibuprofen 600 mg tablet for pain and fever relief. Pack of 15 tablets.,"Store below 30C in a dry place, protected from light and moisture.",Use only as prescribed by your doctor.,,,,,price-unverified,TRUE
PMS-B004,Betnesol,Betnesol,GlaxoSmithKline,General & OTC,Betamethasone,0.5,mg,,,,,,,,,,tablet,20,tablet,30.00,30.00,12,40,TRUE,H,30049099,Betamethasone 0.5 mg tablet for general use (corticosteroid). Pack of 20 tablets.,"Store below 30C in a dry place, protected from light and moisture.",Use only as prescribed by your doctor.,,,,,price-unverified,TRUE
PMS-B005,Briv 50,Briv,UCB,Neuro & Psychiatry,Brivaracetam,50,mg,,,,,,,,,,tablet,10,tablet,320.00,320.00,12,40,TRUE,H,30049099,Brivaracetam 50 mg tablet for neurological care (anti-epileptic). Pack of 10 tablets.,"Store below 30C in a dry place, protected from light and moisture.",Use only as prescribed by your doctor.,,,,,price-unverified,TRUE
PMS-B006,Becozyme C Forte,Becozyme,Piramal,Vitamins & Supplements,Vitamin B Complex,1,mg,Ascorbic Acid,75,mg,,,,,,,tablet,15,tablet,40.00,40.00,12,40,FALSE,OTC,30049099,Vitamin B Complex 1 mg + Ascorbic Acid 75 mg tablet nutritional supplement (B-complex with vitamin C). Pack of 15 tablets.,"Store below 30C in a dry place, protected from light and moisture.",Use as directed on the label or by your pharmacist.,,,,,price-unverified,TRUE
PMS-B007,Brutacef 200 DT,Brutacef,Brooks,Antibiotics,Cefixime,200,mg,,,,,,,,,,tablet,10,tablet,130.00,130.00,12,40,TRUE,H,30049099,Cefixime 200 mg tablet antibiotic for bacterial infections. Pack of 10 tablets.,"Store below 30C in a dry place, protected from light and moisture.",Use only as prescribed by your doctor.,,,,,price-unverified,TRUE
PMS-B008,Brutoflam 90,Brutoflam,Brooks,Pain Relief,Etoricoxib,90,mg,,,,,,,,,,tablet,10,tablet,95.00,95.00,12,40,TRUE,H,30049099,Etoricoxib 90 mg tablet for pain and fever relief. Pack of 10 tablets.,"Store below 30C in a dry place, protected from light and moisture.",Use only as prescribed by your doctor.,,,,,price-unverified,TRUE
PMS-B009,Beplex Forte,Beplex,Systopic,Vitamins & Supplements,Vitamin B Complex,1,mg,,,,,,,,,,tablet,15,tablet,35.00,35.00,12,40,FALSE,OTC,30049099,Vitamin B Complex 1 mg tablet nutritional supplement (B-complex). Pack of 15 tablets.,"Store below 30C in a dry place, protected from light and moisture.",Use as directed on the label or by your pharmacist.,,,,,price-unverified,TRUE
PMS-B010,Baclof 10,Baclof,Sun Pharma,Ortho & Muscle Care,Baclofen,10,mg,,,,,,,,,,tablet,10,tablet,55.00,55.00,12,40,TRUE,H,30049099,Baclofen 10 mg tablet for muscle and joint care (muscle relaxant). Pack of 10 tablets.,"Store below 30C in a dry place, protected from light and moisture.",Use only as prescribed by your doctor.,,,,,price-unverified,TRUE
PMS-B011,Buscopan,Buscopan,Sanofi,Gastro,Hyoscine Butylbromide,10,mg,,,,,,,,,,tablet,10,tablet,42.00,42.00,12,40,TRUE,H,30049099,Hyoscine Butylbromide 10 mg tablet for digestive and stomach care (antispasmodic). Pack of 10 tablets.,"Store below 30C in a dry place, protected from light and moisture.",Use only as prescribed by your doctor.,,,,,price-unverified,TRUE
PMS-B012,Buscogast Plus,Buscogast,Cadila,Gastro,Hyoscine Butylbromide,10,mg,Paracetamol,500,mg,,,,,,,tablet,10,tablet,40.00,40.00,12,40,TRUE,H,30049099,Hyoscine Butylbromide 10 mg + Paracetamol 500 mg tablet for digestive and stomach care (antispasmodic). Pack of 10 tablets.,"Store below 30C in a dry place, protected from light and moisture.",Use only as prescribed by your doctor.,,,,,price-unverified,TRUE
PMS-B013,Betnovate-N Cream,Betnovate-N,GlaxoSmithKline,Derma & Skin,Betamethasone,0.1,%,Neomycin,0.5,%,,,,,,,cream,20,g,55.00,55.00,12,40,TRUE,H,30049099,Betamethasone 0.1 % + Neomycin 0.5 % cream for skin care (topical steroid + antibiotic). Pack of 20 g.,"Store below 30C in a dry place, protected from light and moisture.",Use only as prescribed by your doctor.,,,,,price-unverified,TRUE
PMS-C001,Ciplox TZ,Ciplox,Cipla,Antibiotics,Ciprofloxacin,500,mg,Tinidazole,600,mg,,,,,,,tablet,10,tablet,95.00,95.00,12,40,TRUE,H,30049099,Ciprofloxacin 500 mg + Tinidazole 600 mg tablet antibiotic for bacterial infections. Pack of 10 tablets.,"Store below 30C in a dry place, protected from light and moisture.",Use only as prescribed by your doctor.,,,,,price-unverified,TRUE
PMS-C002,Cepodem 200,Cepodem,Alkem,Antibiotics,Cefpodoxime,200,mg,,,,,,,,,,tablet,10,tablet,210.00,210.00,12,40,TRUE,H,30049099,Cefpodoxime 200 mg tablet antibiotic for bacterial infections. Pack of 10 tablets.,"Store below 30C in a dry place, protected from light and moisture.",Use only as prescribed by your doctor.,,,,,price-unverified,TRUE
PMS-C003,Concor Cor 2.5,Concor,Merck,Cardiac Care,Bisoprolol,2.5,mg,,,,,,,,,,tablet,10,tablet,110.00,110.00,12,40,TRUE,H,30049099,Bisoprolol 2.5 mg tablet for blood pressure and heart care. Pack of 10 tablets.,"Store below 30C in a dry place, protected from light and moisture.",Use only as prescribed by your doctor.,,,,,price-unverified,TRUE
PMS-C004,Concor AM 5,Concor,Merck,Cardiac Care,Bisoprolol,5,mg,Amlodipine,5,mg,,,,,,,tablet,10,tablet,150.00,150.00,12,40,TRUE,H,30049099,Bisoprolol 5 mg + Amlodipine 5 mg tablet for blood pressure and heart care. Pack of 10 tablets.,"Store below 30C in a dry place, protected from light and moisture.",Use only as prescribed by your doctor.,,,,,price-unverified,TRUE
PMS-C005,Concor AM 2.5,Concor,Merck,Cardiac Care,Bisoprolol,2.5,mg,Amlodipine,5,mg,,,,,,,tablet,10,tablet,130.00,130.00,12,40,TRUE,H,30049099,Bisoprolol 2.5 mg + Amlodipine 5 mg tablet for blood pressure and heart care. Pack of 10 tablets.,"Store below 30C in a dry place, protected from light and moisture.",Use only as prescribed by your doctor.,,,,,price-unverified,TRUE
PMS-C006,Contramol DT,Contramol,Sun Pharma,Pain Relief,Tramadol,50,mg,,,,,,,,,,tablet,10,tablet,55.00,55.00,12,40,TRUE,H1,30049099,Tramadol 50 mg tablet for pain and fever relief (opioid analgesic — H1). Pack of 10 tablets.,"Store below 30C in a dry place, protected from light and moisture.",Use only as prescribed by your doctor.,,,,,price-unverified,TRUE
PMS-C007,Calpol 500,Calpol,GlaxoSmithKline,Pain Relief,Paracetamol,500,mg,,,,,,,,,,tablet,15,tablet,22.00,22.00,12,40,FALSE,OTC,30049099,Paracetamol 500 mg tablet for pain and fever relief. Pack of 15 tablets.,"Store below 30C in a dry place, protected from light and moisture.",Use as directed on the label or by your pharmacist.,,,,,price-unverified,TRUE
PMS-C008,Clopitab 75,Clopitab,Cadila,Cardiac Care,Clopidogrel,75,mg,,,,,,,,,,tablet,15,tablet,95.00,95.00,12,40,TRUE,H,30049099,Clopidogrel 75 mg tablet for blood pressure and heart care. Pack of 15 tablets.,"Store below 30C in a dry place, protected from light and moisture.",Use only as prescribed by your doctor.,,,,,price-unverified,TRUE
PMS-C009,Coversyl AM 5,Coversyl,Servier,Cardiac Care,Perindopril,4,mg,Amlodipine,5,mg,,,,,,,tablet,10,tablet,180.00,180.00,12,40,TRUE,H,30049099,Perindopril 4 mg + Amlodipine 5 mg tablet for blood pressure and heart care. Pack of 10 tablets.,"Store below 30C in a dry place, protected from light and moisture.",Use only as prescribed by your doctor.,,,,,price-unverified,TRUE
PMS-C010,Cilaheart 20,Cilaheart,Ipca,Cardiac Care,Cilnidipine,20,mg,,,,,,,,,,tablet,10,tablet,120.00,120.00,12,40,TRUE,H,30049099,Cilnidipine 20 mg tablet for blood pressure and heart care. Pack of 10 tablets.,"Store below 30C in a dry place, protected from light and moisture.",Use only as prescribed by your doctor.,,,,,price-unverified,TRUE
PMS-C011,Calcigard 10,Calcigard,Torrent,Cardiac Care,Nifedipine,10,mg,,,,,,,,,,capsule,15,capsule,35.00,35.00,12,40,TRUE,H,30049099,Nifedipine 10 mg capsule for blood pressure and heart care. Pack of 15 capsules.,"Store below 30C in a dry place, protected from light and moisture.",Use only as prescribed by your doctor.,,,,,price-unverified,TRUE
PMS-C012,Cyclopam,Cyclopam,Indoco,Gastro,Dicyclomine,10,mg,Paracetamol,500,mg,,,,,,,tablet,10,tablet,40.00,40.00,12,40,TRUE,H,30049099,Dicyclomine 10 mg + Paracetamol 500 mg tablet for digestive and stomach care (antispasmodic). Pack of 10 tablets.,"Store below 30C in a dry place, protected from light and moisture.",Use only as prescribed by your doctor.,,,,,price-unverified,TRUE
PMS-C013,Ciplar LA 20,Ciplar,Cipla,Cardiac Care,Propranolol,20,mg,,,,,,,,,,tablet,15,tablet,55.00,55.00,12,40,TRUE,H,30049099,Propranolol 20 mg tablet for blood pressure and heart care. Pack of 15 tablets.,"Store below 30C in a dry place, protected from light and moisture.",Use only as prescribed by your doctor.,,,,,price-unverified,TRUE
PMS-C014,Ciplar LA 40,Ciplar,Cipla,Cardiac Care,Propranolol,40,mg,,,,,,,,,,tablet,15,tablet,75.00,75.00,12,40,TRUE,H,30049099,Propranolol 40 mg tablet for blood pressure and heart care. Pack of 15 tablets.,"Store below 30C in a dry place, protected from light and moisture.",Use only as prescribed by your doctor.,,,,,price-unverified,TRUE
PMS-C015,Cetzine 10,Cetzine,Dr Reddys,Respiratory & Allergy,Cetirizine,10,mg,,,,,,,,,,tablet,10,tablet,32.00,32.00,12,40,FALSE,OTC,30049099,Cetirizine 10 mg tablet for allergy and respiratory relief. Pack of 10 tablets.,"Store below 30C in a dry place, protected from light and moisture.",Use as directed on the label or by your pharmacist.,,,,,price-unverified,TRUE
PMS-C016,Cardivas 3.125,Cardivas,Sun Pharma,Cardiac Care,Carvedilol,3.125,mg,,,,,,,,,,tablet,10,tablet,70.00,70.00,12,40,TRUE,H,30049099,Carvedilol 3.125 mg tablet for blood pressure and heart care. Pack of 10 tablets.,"Store below 30C in a dry place, protected from light and moisture.",Use only as prescribed by your doctor.,,,,,price-unverified,TRUE
PMS-C017,Clonafit Beta,Clonafit,Mankind,Neuro & Psychiatry,Clonazepam,0.5,mg,Propranolol,20,mg,,,,,,,tablet,10,tablet,65.00,65.00,12,40,TRUE,H1,30049099,Clonazepam 0.5 mg + Propranolol 20 mg tablet for neurological care (clonazepam — H1). Pack of 10 tablets.,"Store below 30C in a dry place, protected from light and moisture.",Use only as prescribed by your doctor.,,,,,price-unverified,TRUE
PMS-C018,Cardace 2.5,Cardace,Sanofi,Cardiac Care,Ramipril,2.5,mg,,,,,,,,,,tablet,10,tablet,85.00,85.00,12,40,TRUE,H,30049099,Ramipril 2.5 mg tablet for blood pressure and heart care. Pack of 10 tablets.,"Store below 30C in a dry place, protected from light and moisture.",Use only as prescribed by your doctor.,,,,,price-unverified,TRUE
PMS-C019,Caverta 50,Caverta,Sun Pharma,General & OTC,Sildenafil,50,mg,,,,,,,,,,tablet,4,tablet,210.00,210.00,12,40,TRUE,H,30049099,Sildenafil 50 mg tablet for general use. Pack of 4 tablets.,"Store below 30C in a dry place, protected from light and moisture.",Use only as prescribed by your doctor.,,,,,price-unverified,TRUE
PMS-C020,Caverta 100,Caverta,Sun Pharma,General & OTC,Sildenafil,100,mg,,,,,,,,,,tablet,4,tablet,320.00,320.00,12,40,TRUE,H,30049099,Sildenafil 100 mg tablet for general use. Pack of 4 tablets.,"Store below 30C in a dry place, protected from light and moisture.",Use only as prescribed by your doctor.,,,,,price-unverified,TRUE
PMS-C021,Ciplox 250,Ciplox,Cipla,Antibiotics,Ciprofloxacin,250,mg,,,,,,,,,,tablet,10,tablet,45.00,45.00,12,40,TRUE,H,30049099,Ciprofloxacin 250 mg tablet antibiotic for bacterial infections. Pack of 10 tablets.,"Store below 30C in a dry place, protected from light and moisture.",Use only as prescribed by your doctor.,,,,,price-unverified,TRUE
PMS-C022,Ciplox 500,Ciplox,Cipla,Antibiotics,Ciprofloxacin,500,mg,,,,,,,,,,tablet,10,tablet,75.00,75.00,12,40,TRUE,H,30049099,Ciprofloxacin 500 mg tablet antibiotic for bacterial infections. Pack of 10 tablets.,"Store below 30C in a dry place, protected from light and moisture.",Use only as prescribed by your doctor.,,,,,price-unverified,TRUE
PMS-C023,Clavam 625,Clavam,Alkem,Antibiotics,Amoxicillin,500,mg,Clavulanic Acid,125,mg,,,,,,,tablet,10,tablet,215.00,215.00,12,40,TRUE,H,30049099,Amoxicillin 500 mg + Clavulanic Acid 125 mg tablet antibiotic for bacterial infections. Pack of 10 tablets.,"Store below 30C in a dry place, protected from light and moisture.",Use only as prescribed by your doctor.,,,,,price-unverified,TRUE
PMS-C024,Calcimax 500,Calcimax,Meyer,Vitamins & Supplements,Calcium Carbonate,500,mg,Cholecalciferol,250,iu,,,,,,,tablet,15,tablet,90.00,90.00,12,40,FALSE,OTC,30049099,Calcium Carbonate 500 mg + Cholecalciferol 250 iu tablet nutritional supplement (calcium + vitamin D3). Pack of 15 tablets.,"Store below 30C in a dry place, protected from light and moisture.",Use as directed on the label or by your pharmacist.,,,,,price-unverified,TRUE
PMS-C025,Cefakind 250,Cefakind,Mankind,Antibiotics,Cefuroxime,250,mg,,,,,,,,,,tablet,10,tablet,190.00,190.00,12,40,TRUE,H,30049099,Cefuroxime 250 mg tablet antibiotic for bacterial infections. Pack of 10 tablets.,"Store below 30C in a dry place, protected from light and moisture.",Use only as prescribed by your doctor.,,,,,price-unverified,TRUE
PMS-C026,Cefakind 500,Cefakind,Mankind,Antibiotics,Cefuroxime,500,mg,,,,,,,,,,tablet,10,tablet,340.00,340.00,12,40,TRUE,H,30049099,Cefuroxime 500 mg tablet antibiotic for bacterial infections. Pack of 10 tablets.,"Store below 30C in a dry place, protected from light and moisture.",Use only as prescribed by your doctor.,,,,,price-unverified,TRUE
PMS-C027,Cipcal 500 D,Cipcal,Cipla,Vitamins & Supplements,Calcium Carbonate,500,mg,Cholecalciferol,250,iu,,,,,,,tablet,15,tablet,105.00,105.00,12,40,FALSE,OTC,30049099,Calcium Carbonate 500 mg + Cholecalciferol 250 iu tablet nutritional supplement (calcium + vitamin D3). Pack of 15 tablets.,"Store below 30C in a dry place, protected from light and moisture.",Use as directed on the label or by your pharmacist.,,,,,price-unverified,TRUE
PMS-C028,Cyclopam Suspension,Cyclopam,Indoco,Gastro,Dicyclomine,10,mg,Simethicone,40,mg,,,,,,,suspension,60,ml,55.00,55.00,12,40,TRUE,H,30049099,Dicyclomine 10 mg + Simethicone 40 mg suspension for digestive and stomach care (per 5 ml). Pack of 60 ml.,"Store below 25C, protected from light. Do not refrigerate. Use within one month of opening.",Use only as prescribed by your doctor.,,,,,price-unverified,TRUE
PMS-C029,Cremaffin Plus Syrup,Cremaffin,Abbott,Gastro,Milk of Magnesia,1.25,ml,Liquid Paraffin,1.25,ml,Sodium Picosulfate,3.33,mg,,,,syrup,225,ml,190.00,190.00,12,40,FALSE,OTC,30049099,"Milk of Magnesia 1.25 ml + Liquid Paraffin 1.25 ml + Sodium Picosulfate 3.33 mg syrup for digestive and stomach care (laxative, per 5 ml). Pack of 225 ml.","Store below 25C, protected from light. Do not refrigerate. Use within one month of opening.",Use as directed on the label or by your pharmacist.,,,,,price-unverified,TRUE
PMS-C030,Cypon Syrup,Cypon,Geno Pharma,Gastro,Cyproheptadine,2,mg,Tricholine Citrate,275,mg,,,,,,,syrup,200,ml,95.00,95.00,12,40,TRUE,H,30049099,"Cyproheptadine 2 mg + Tricholine Citrate 275 mg syrup for digestive and stomach care (appetite stimulant, per 5 ml). Pack of 200 ml.","Store below 25C, protected from light. Do not refrigerate. Use within one month of opening.",Use only as prescribed by your doctor.,,,,,price-unverified,TRUE
PMS-C031,Calcimax D3 Syrup,Calcimax,Meyer,Vitamins & Supplements,Calcium,250,mg,Cholecalciferol,200,iu,,,,,,,syrup,200,ml,145.00,145.00,12,40,FALSE,OTC,30049099,Calcium 250 mg + Cholecalciferol 200 iu syrup nutritional supplement (per 5 ml). Pack of 200 ml.,"Store below 25C, protected from light. Do not refrigerate. Use within one month of opening.",Use as directed on the label or by your pharmacist.,,,,,price-unverified,TRUE
PMS-C032,Crocin Syrup 125,Crocin,GlaxoSmithKline,Pain Relief,Paracetamol,125,mg,,,,,,,,,,syrup,60,ml,42.00,42.00,12,40,FALSE,OTC,30049099,Paracetamol 125 mg syrup for pain and fever relief (per 5 ml). Pack of 60 ml.,"Store below 25C, protected from light. Do not refrigerate. Use within one month of opening.",Use as directed on the label or by your pharmacist.,,,,,price-unverified,TRUE
PMS-C033,Crocin Syrup 250,Crocin,GlaxoSmithKline,Pain Relief,Paracetamol,250,mg,,,,,,,,,,syrup,60,ml,55.00,55.00,12,40,FALSE,OTC,30049099,Paracetamol 250 mg syrup for pain and fever relief (per 5 ml). Pack of 60 ml.,"Store below 25C, protected from light. Do not refrigerate. Use within one month of opening.",Use as directed on the label or by your pharmacist.,,,,,price-unverified,TRUE
PMS-D001,Deriphyllin 150,Deriphyllin,Zydus,Respiratory & Allergy,Etophylline,77,mg,Theophylline,23,mg,,,,,,,tablet,10,tablet,40.00,40.00,12,40,TRUE,H,30049099,Etophylline 77 mg + Theophylline 23 mg tablet for allergy and respiratory relief. Pack of 10 tablets.,"Store below 30C in a dry place, protected from light and moisture.",Use only as prescribed by your doctor.,,,,,price-unverified,TRUE
PMS-D002,Deriphyllin Retard 150,Deriphyllin,Zydus,Respiratory & Allergy,Etophylline,115,mg,Theophylline,35,mg,,,,,,,tablet,10,tablet,55.00,55.00,12,40,TRUE,H,30049099,Etophylline 115 mg + Theophylline 35 mg tablet for allergy and respiratory relief. Pack of 10 tablets.,"Store below 30C in a dry place, protected from light and moisture.",Use only as prescribed by your doctor.,,,,,price-unverified,TRUE
PMS-D003,Dolo 650,Dolo,Micro Labs,Pain Relief,Paracetamol,650,mg,,,,,,,,,,tablet,15,tablet,31.00,31.00,12,40,FALSE,OTC,30049099,Paracetamol 650 mg tablet for pain and fever relief. Pack of 15 tablets.,"Store below 30C in a dry place, protected from light and moisture.",Use as directed on the label or by your pharmacist.,,,,,price-unverified,TRUE
PMS-D004,Dynapar 50,Dynapar,Troikaa,Pain Relief,Diclofenac,50,mg,,,,,,,,,,tablet,10,tablet,40.00,40.00,12,40,TRUE,H,30049099,Diclofenac 50 mg tablet for pain and fever relief. Pack of 10 tablets.,"Store below 30C in a dry place, protected from light and moisture.",Use only as prescribed by your doctor.,,,,,price-unverified,TRUE
PMS-D005,Domstal 10,Domstal,Torrent,Gastro,Domperidone,10,mg,,,,,,,,,,tablet,10,tablet,35.00,35.00,12,40,TRUE,H,30049099,Domperidone 10 mg tablet for digestive and stomach care. Pack of 10 tablets.,"Store below 30C in a dry place, protected from light and moisture.",Use only as prescribed by your doctor.,,,,,price-unverified,TRUE
PMS-D006,Dytor Plus 10,Dytor,Cipla,Cardiac Care,Torsemide,10,mg,Spironolactone,50,mg,,,,,,,tablet,10,tablet,95.00,95.00,12,40,TRUE,H,30049099,Torsemide 10 mg + Spironolactone 50 mg tablet for blood pressure and heart care. Pack of 10 tablets.,"Store below 30C in a dry place, protected from light and moisture.",Use only as prescribed by your doctor.,,,,,price-unverified,TRUE
PMS-D007,Dytor Plus 20,Dytor,Cipla,Cardiac Care,Torsemide,20,mg,Spironolactone,50,mg,,,,,,,tablet,10,tablet,130.00,130.00,12,40,TRUE,H,30049099,Torsemide 20 mg + Spironolactone 50 mg tablet for blood pressure and heart care. Pack of 10 tablets.,"Store below 30C in a dry place, protected from light and moisture.",Use only as prescribed by your doctor.,,,,,price-unverified,TRUE
PMS-D008,Dytor 5,Dytor,Cipla,Cardiac Care,Torsemide,5,mg,,,,,,,,,,tablet,10,tablet,60.00,60.00,12,40,TRUE,H,30049099,Torsemide 5 mg tablet for blood pressure and heart care. Pack of 10 tablets.,"Store below 30C in a dry place, protected from light and moisture.",Use only as prescribed by your doctor.,,,,,price-unverified,TRUE
PMS-D009,Dulcoflex 5,Dulcoflex,Boehringer Ingelheim,Gastro,Bisacodyl,5,mg,,,,,,,,,,tablet,10,tablet,40.00,40.00,12,40,FALSE,OTC,30049099,Bisacodyl 5 mg tablet for digestive and stomach care (laxative). Pack of 10 tablets.,"Store below 30C in a dry place, protected from light and moisture.",Use as directed on the label or by your pharmacist.,,,,,price-unverified,TRUE
PMS-D010,Diclomol,Diclomol,Win-Medicare,Pain Relief,Diclofenac,50,mg,Paracetamol,325,mg,,,,,,,tablet,10,tablet,38.00,38.00,12,40,TRUE,H,30049099,Diclofenac 50 mg + Paracetamol 325 mg tablet for pain and fever relief. Pack of 10 tablets.,"Store below 30C in a dry place, protected from light and moisture.",Use only as prescribed by your doctor.,,,,,price-unverified,TRUE
PMS-D011,Diclomol SP,Diclomol,Win-Medicare,Pain Relief,Diclofenac,50,mg,Paracetamol,325,mg,Serratiopeptidase,15,mg,,,,tablet,10,tablet,90.00,90.00,12,40,TRUE,H,30049099,Diclofenac 50 mg + Paracetamol 325 mg + Serratiopeptidase 15 mg tablet for pain and fever relief. Pack of 10 tablets.,"Store below 30C in a dry place, protected from light and moisture.",Use only as prescribed by your doctor.,,,,,price-unverified,TRUE
PMS-D012,Dilzem 30,Dilzem,Torrent,Cardiac Care,Diltiazem,30,mg,,,,,,,,,,tablet,10,tablet,45.00,45.00,12,40,TRUE,H,30049099,Diltiazem 30 mg tablet for blood pressure and heart care. Pack of 10 tablets.,"Store below 30C in a dry place, protected from light and moisture.",Use only as prescribed by your doctor.,,,,,price-unverified,TRUE
PMS-D013,Drotin-M,Drotin-M,Walter Bushnell,Gastro,Drotaverine,80,mg,Mefenamic Acid,250,mg,,,,,,,tablet,10,tablet,60.00,60.00,12,40,TRUE,H,30049099,Drotaverine 80 mg + Mefenamic Acid 250 mg tablet for digestive and stomach care (antispasmodic). Pack of 10 tablets.,"Store below 30C in a dry place, protected from light and moisture.",Use only as prescribed by your doctor.,,,,,price-unverified,TRUE
PMS-D014,Deplatt-A 150,Deplatt-A,Torrent,Cardiac Care,Aspirin,150,mg,Clopidogrel,75,mg,,,,,,,capsule,15,capsule,105.00,105.00,12,40,TRUE,H,30049099,Aspirin 150 mg + Clopidogrel 75 mg capsule for blood pressure and heart care. Pack of 15 capsules.,"Store below 30C in a dry place, protected from light and moisture.",Use only as prescribed by your doctor.,,,,,price-unverified,TRUE
PMS-D015,Doxt 100,Doxt,Aristo,Antibiotics,Doxycycline,100,mg,,,,,,,,,,capsule,10,capsule,55.00,55.00,12,40,TRUE,H,30049099,Doxycycline 100 mg capsule antibiotic for bacterial infections. Pack of 10 capsules.,"Store below 30C in a dry place, protected from light and moisture.",Use only as prescribed by your doctor.,,,,,price-unverified,TRUE
PMS-D016,Dynaglipt-M,Dynaglipt-M,Zydus,Diabetes Care,Teneligliptin,20,mg,Metformin,500,mg,,,,,,,tablet,15,tablet,165.00,165.00,12,40,TRUE,H,30049099,Teneligliptin 20 mg + Metformin 500 mg tablet for blood sugar control. Pack of 15 tablets.,"Store below 30C in a dry place, protected from light and moisture.",Use only as prescribed by your doctor.,,,,,price-unverified,TRUE
PMS-D017,Dolonex DT,Dolonex,Pfizer,Pain Relief,Piroxicam,20,mg,,,,,,,,,,tablet,15,tablet,130.00,130.00,12,40,TRUE,H,30049099,Piroxicam 20 mg tablet for pain and fever relief. Pack of 15 tablets.,"Store below 30C in a dry place, protected from light and moisture.",Use only as prescribed by your doctor.,,,,,price-unverified,TRUE
PMS-D018,Decdan 0.5,Decdan,Wyeth,General & OTC,Dexamethasone,0.5,mg,,,,,,,,,,tablet,30,tablet,12.00,12.00,12,40,TRUE,H,30049099,Dexamethasone 0.5 mg tablet for general use (corticosteroid). Pack of 30 tablets.,"Store below 30C in a dry place, protected from light and moisture.",Use only as prescribed by your doctor.,,,,,price-unverified,TRUE
PMS-D019,Dolowin Plus,Dolowin,Alkem,Pain Relief,Diclofenac,50,mg,Paracetamol,325,mg,,,,,,,tablet,10,tablet,45.00,45.00,12,40,TRUE,H,30049099,Diclofenac 50 mg + Paracetamol 325 mg tablet for pain and fever relief. Pack of 10 tablets.,"Store below 30C in a dry place, protected from light and moisture.",Use only as prescribed by your doctor.,,,,,price-unverified,TRUE
PMS-D020,Defcort 6,Defcort,Macleods,General & OTC,Deflazacort,6,mg,,,,,,,,,,tablet,10,tablet,75.00,75.00,12,40,TRUE,H,30049099,Deflazacort 6 mg tablet for general use (corticosteroid). Pack of 10 tablets.,"Store below 30C in a dry place, protected from light and moisture.",Use only as prescribed by your doctor.,,,,,price-unverified,TRUE
PMS-D021,D3 Must 60K,D3,Mankind,Vitamins & Supplements,Cholecalciferol,60000,iu,,,,,,,,,,tablet,4,tablet,60.00,60.00,12,40,FALSE,OTC,30049099,Cholecalciferol 60000 iu tablet nutritional supplement (vitamin D3). Pack of 4 tablets.,"Store below 30C in a dry place, protected from light and moisture.",Use as directed on the label or by your pharmacist.,,,,,price-unverified,TRUE
PMS-D022,Dazit 5,Dazit,Sun Pharma,Respiratory & Allergy,Desloratadine,5,mg,,,,,,,,,,tablet,10,tablet,70.00,70.00,12,40,TRUE,H,30049099,Desloratadine 5 mg tablet for allergy and respiratory relief. Pack of 10 tablets.,"Store below 30C in a dry place, protected from light and moisture.",Use only as prescribed by your doctor.,,,,,price-unverified,TRUE
PMS-D023,Dolowin MR,Dolowin,Alkem,Ortho & Muscle Care,Diclofenac,50,mg,Paracetamol,325,mg,Chlorzoxazone,250,mg,,,,tablet,10,tablet,75.00,75.00,12,40,TRUE,H,30049099,Diclofenac 50 mg + Paracetamol 325 mg + Chlorzoxazone 250 mg tablet for muscle and joint care. Pack of 10 tablets.,"Store below 30C in a dry place, protected from light and moisture.",Use only as prescribed by your doctor.,,,,,price-unverified,TRUE
PMS-D024,Drotin DS,Drotin,Walter Bushnell,Gastro,Drotaverine,80,mg,,,,,,,,,,tablet,10,tablet,75.00,75.00,12,40,TRUE,H,30049099,Drotaverine 80 mg tablet for digestive and stomach care (antispasmodic). Pack of 10 tablets.,"Store below 30C in a dry place, protected from light and moisture.",Use only as prescribed by your doctor.,,,,,price-unverified,TRUE
PMS-D025,Deriphyllin OD 300,Deriphyllin,Zydus,Respiratory & Allergy,Theophylline,300,mg,,,,,,,,,,tablet,10,tablet,95.00,95.00,12,40,TRUE,H,30049099,Theophylline 300 mg tablet for allergy and respiratory relief. Pack of 10 tablets.,"Store below 30C in a dry place, protected from light and moisture.",Use only as prescribed by your doctor.,,,,,price-unverified,TRUE
PMS-D026,Drotikind-M,Drotikind-M,Mankind,Gastro,Drotaverine,80,mg,Mefenamic Acid,250,mg,,,,,,,tablet,10,tablet,55.00,55.00,12,40,TRUE,H,30049099,Drotaverine 80 mg + Mefenamic Acid 250 mg tablet for digestive and stomach care (antispasmodic). Pack of 10 tablets.,"Store below 30C in a dry place, protected from light and moisture.",Use only as prescribed by your doctor.,,,,,price-unverified,TRUE
PMS-E001,Ecosprin 150,Ecosprin,USV,Cardiac Care,Aspirin,150,mg,,,,,,,,,,tablet,14,tablet,12.00,12.00,12,40,TRUE,H,30049099,Aspirin 150 mg tablet for blood pressure and heart care. Pack of 14 tablets.,"Store below 30C in a dry place, protected from light and moisture.",Use only as prescribed by your doctor.,,,,,price-unverified,TRUE
PMS-E002,Ecosprin AV 75,Ecosprin,USV,Cardiac Care,Aspirin,75,mg,Atorvastatin,10,mg,,,,,,,capsule,15,capsule,95.00,95.00,12,40,TRUE,H,30049099,Aspirin 75 mg + Atorvastatin 10 mg capsule for blood pressure and heart care. Pack of 15 capsules.,"Store below 30C in a dry place, protected from light and moisture.",Use only as prescribed by your doctor.,,,,,price-unverified,TRUE
PMS-E003,Ecosprin AV 150,Ecosprin,USV,Cardiac Care,Aspirin,150,mg,Atorvastatin,10,mg,,,,,,,capsule,15,capsule,110.00,110.00,12,40,TRUE,H,30049099,Aspirin 150 mg + Atorvastatin 10 mg capsule for blood pressure and heart care. Pack of 15 capsules.,"Store below 30C in a dry place, protected from light and moisture.",Use only as prescribed by your doctor.,,,,,price-unverified,TRUE
PMS-E004,Ecosprin Gold 10,Ecosprin,USV,Cardiac Care,Aspirin,75,mg,Atorvastatin,10,mg,Clopidogrel,75,mg,,,,capsule,15,capsule,130.00,130.00,12,40,TRUE,H,30049099,Aspirin 75 mg + Atorvastatin 10 mg + Clopidogrel 75 mg capsule for blood pressure and heart care. Pack of 15 capsules.,"Store below 30C in a dry place, protected from light and moisture.",Use only as prescribed by your doctor.,,,,,price-unverified,TRUE
PMS-E005,Ecosprin Gold 20,Ecosprin,USV,Cardiac Care,Aspirin,75,mg,Atorvastatin,20,mg,Clopidogrel,75,mg,,,,capsule,15,capsule,160.00,160.00,12,40,TRUE,H,30049099,Aspirin 75 mg + Atorvastatin 20 mg + Clopidogrel 75 mg capsule for blood pressure and heart care. Pack of 15 capsules.,"Store below 30C in a dry place, protected from light and moisture.",Use only as prescribed by your doctor.,,,,,price-unverified,TRUE
PMS-E006,Enteroquinol,Enteroquinol,East India Pharma,Gastro,Diiodohydroxyquinoline,250,mg,,,,,,,,,,tablet,10,tablet,38.00,38.00,12,40,TRUE,H,30049099,Diiodohydroxyquinoline 250 mg tablet for digestive and stomach care (antidiarrhoeal). Pack of 10 tablets.,"Store below 30C in a dry place, protected from light and moisture.",Use only as prescribed by your doctor.,,,,,price-unverified,TRUE
PMS-E007,Eritel CH 40,Eritel,Micro Labs,Cardiac Care,Telmisartan,40,mg,Chlorthalidone,12.5,mg,,,,,,,tablet,15,tablet,155.00,155.00,12,40,TRUE,H,30049099,Telmisartan 40 mg + Chlorthalidone 12.5 mg tablet for blood pressure and heart care. Pack of 15 tablets.,"Store below 30C in a dry place, protected from light and moisture.",Use only as prescribed by your doctor.,,,,,price-unverified,TRUE
PMS-E008,Etrobax 90,Etrobax,Zuventus,Pain Relief,Etoricoxib,90,mg,,,,,,,,,,tablet,10,tablet,95.00,95.00,12,40,TRUE,H,30049099,Etoricoxib 90 mg tablet for pain and fever relief. Pack of 10 tablets.,"Store below 30C in a dry place, protected from light and moisture.",Use only as prescribed by your doctor.,,,,,price-unverified,TRUE
PMS-E009,Enzoflam,Enzoflam,Alkem,Pain Relief,Aceclofenac,100,mg,Paracetamol,325,mg,Serratiopeptidase,15,mg,,,,tablet,10,tablet,85.00,85.00,12,40,TRUE,H,30049099,Aceclofenac 100 mg + Paracetamol 325 mg + Serratiopeptidase 15 mg tablet for pain and fever relief. Pack of 10 tablets.,"Store below 30C in a dry place, protected from light and moisture.",Use only as prescribed by your doctor.,,,,,price-unverified,TRUE
PMS-E010,Emeset 4,Emeset,Cipla,Gastro,Ondansetron,4,mg,,,,,,,,,,tablet,10,tablet,45.00,45.00,12,40,TRUE,H,30049099,Ondansetron 4 mg tablet for digestive and stomach care (anti-emetic). Pack of 10 tablets.,"Store below 30C in a dry place, protected from light and moisture.",Use only as prescribed by your doctor.,,,,,price-unverified,TRUE
PMS-F001,Flexon,Flexon,Aristo,Pain Relief,Ibuprofen,400,mg,Paracetamol,325,mg,,,,,,,tablet,10,tablet,32.00,32.00,12,40,TRUE,H,30049099,Ibuprofen 400 mg + Paracetamol 325 mg tablet for pain and fever relief. Pack of 10 tablets.,"Store below 30C in a dry place, protected from light and moisture.",Use only as prescribed by your doctor.,,,,,price-unverified,TRUE
PMS-F002,Flagyl 200,Flagyl,Abbott,Antibiotics,Metronidazole,200,mg,,,,,,,,,,tablet,10,tablet,25.00,25.00,12,40,TRUE,H,30049099,Metronidazole 200 mg tablet antibiotic for bacterial infections. Pack of 10 tablets.,"Store below 30C in a dry place, protected from light and moisture.",Use only as prescribed by your doctor.,,,,,price-unverified,TRUE
PMS-F003,Flagyl 400,Flagyl,Abbott,Antibiotics,Metronidazole,400,mg,,,,,,,,,,tablet,10,tablet,42.00,42.00,12,40,TRUE,H,30049099,Metronidazole 400 mg tablet antibiotic for bacterial infections. Pack of 10 tablets.,"Store below 30C in a dry place, protected from light and moisture.",Use only as prescribed by your doctor.,,,,,price-unverified,TRUE
PMS-F004,Fenac Plus,Fenac,Sun Pharma,Pain Relief,Diclofenac,50,mg,Paracetamol,325,mg,,,,,,,tablet,10,tablet,40.00,40.00,12,40,TRUE,H,30049099,Diclofenac 50 mg + Paracetamol 325 mg tablet for pain and fever relief. Pack of 10 tablets.,"Store below 30C in a dry place, protected from light and moisture.",Use only as prescribed by your doctor.,,,,,price-unverified,TRUE
PMS-F005,Famocid 40,Famocid,Sun Pharma,Gastro,Famotidine,40,mg,,,,,,,,,,tablet,14,tablet,75.00,75.00,12,40,TRUE,H,30049099,Famotidine 40 mg tablet for digestive and stomach care. Pack of 14 tablets.,"Store below 30C in a dry place, protected from light and moisture.",Use only as prescribed by your doctor.,,,,,price-unverified,TRUE
PMS-F006,Febrex Plus,Febrex,Indoco,Respiratory & Allergy,Paracetamol,500,mg,Phenylephrine,5,mg,Chlorpheniramine Maleate,2,mg,,,,tablet,10,tablet,35.00,35.00,12,40,FALSE,OTC,30049099,Paracetamol 500 mg + Phenylephrine 5 mg + Chlorpheniramine Maleate 2 mg tablet for allergy and respiratory relief (cold and flu). Pack of 10 tablets.,"Store below 30C in a dry place, protected from light and moisture.",Use as directed on the label or by your pharmacist.,,,,,price-unverified,TRUE
PMS-F007,Folvite 5,Folvite,Pfizer,Vitamins & Supplements,Folic Acid,5,mg,,,,,,,,,,tablet,30,tablet,45.00,45.00,12,40,FALSE,OTC,30049099,Folic Acid 5 mg tablet nutritional supplement. Pack of 30 tablets.,"Store below 30C in a dry place, protected from light and moisture.",Use as directed on the label or by your pharmacist.,,,,,price-unverified,TRUE
PMS-F008,Febrinil 650,Febrinil,Nulife,Pain Relief,Paracetamol,650,mg,,,,,,,,,,tablet,15,tablet,30.00,30.00,12,40,FALSE,OTC,30049099,Paracetamol 650 mg tablet for pain and fever relief. Pack of 15 tablets.,"Store below 30C in a dry place, protected from light and moisture.",Use as directed on the label or by your pharmacist.,,,,,price-unverified,TRUE
PMS-F009,Febrinil 500,Febrinil,Nulife,Pain Relief,Paracetamol,500,mg,,,,,,,,,,tablet,15,tablet,22.00,22.00,12,40,FALSE,OTC,30049099,Paracetamol 500 mg tablet for pain and fever relief. Pack of 15 tablets.,"Store below 30C in a dry place, protected from light and moisture.",Use as directed on the label or by your pharmacist.,,,,,price-unverified,TRUE
PMS-F010,Flexon Suspension,Flexon,Aristo,Pain Relief,Ibuprofen,100,mg,Paracetamol,162.5,mg,,,,,,,suspension,60,ml,45.00,45.00,12,40,TRUE,H,30049099,Ibuprofen 100 mg + Paracetamol 162.5 mg suspension for pain and fever relief (per 5 ml). Pack of 60 ml.,"Store below 25C, protected from light. Do not refrigerate. Use within one month of opening.",Use only as prescribed by your doctor.,,,,,price-unverified,TRUE
PMS-F011,Flagyl Suspension,Flagyl,Abbott,Antibiotics,Metronidazole,200,mg,,,,,,,,,,suspension,60,ml,40.00,40.00,12,40,TRUE,H,30049099,Metronidazole 200 mg suspension antibiotic for bacterial infections (per 5 ml). Pack of 60 ml.,"Store below 25C, protected from light. Do not refrigerate. Use within one month of opening.",Use only as prescribed by your doctor.,,,,,price-unverified,TRUE
PMS-G001,Glycomet GP1,Glycomet,USV,Diabetes Care,Glimepiride,1,mg,Metformin,500,mg,,,,,,,tablet,15,tablet,105.00,105.00,12,40,TRUE,H,30049099,Glimepiride 1 mg + Metformin 500 mg tablet for blood sugar control. Pack of 15 tablets.,"Store below 30C in a dry place, protected from light and moisture.",Use only as prescribed by your doctor.,,,,,price-unverified,TRUE
PMS-G002,Glycomet GP2,Glycomet,USV,Diabetes Care,Glimepiride,2,mg,Metformin,500,mg,,,,,,,tablet,15,tablet,140.00,140.00,12,40,TRUE,H,30049099,Glimepiride 2 mg + Metformin 500 mg tablet for blood sugar control. Pack of 15 tablets.,"Store below 30C in a dry place, protected from light and moisture.",Use only as prescribed by your doctor.,,,,,price-unverified,TRUE
PMS-G003,Glycomet GP0.5,Glycomet,USV,Diabetes Care,Glimepiride,0.5,mg,Metformin,500,mg,,,,,,,tablet,15,tablet,85.00,85.00,12,40,TRUE,H,30049099,Glimepiride 0.5 mg + Metformin 500 mg tablet for blood sugar control. Pack of 15 tablets.,"Store below 30C in a dry place, protected from light and moisture.",Use only as prescribed by your doctor.,,,,,price-unverified,TRUE
PMS-G004,Glycomet GP1 Forte,Glycomet,USV,Diabetes Care,Glimepiride,1,mg,Metformin,1000,mg,,,,,,,tablet,15,tablet,150.00,150.00,12,40,TRUE,H,30049099,Glimepiride 1 mg + Metformin 1000 mg tablet for blood sugar control. Pack of 15 tablets.,"Store below 30C in a dry place, protected from light and moisture.",Use only as prescribed by your doctor.,,,,,price-unverified,TRUE
PMS-G005,Glycomet SR 500,Glycomet,USV,Diabetes Care,Metformin,500,mg,,,,,,,,,,tablet,20,tablet,45.00,45.00,12,40,TRUE,H,30049099,Metformin 500 mg tablet for blood sugar control. Pack of 20 tablets.,"Store below 30C in a dry place, protected from light and moisture.",Use only as prescribed by your doctor.,,,,,price-unverified,TRUE
PMS-G006,Glycomet 500,Glycomet,USV,Diabetes Care,Metformin,500,mg,,,,,,,,,,tablet,20,tablet,32.00,32.00,12,40,TRUE,H,30049099,Metformin 500 mg tablet for blood sugar control. Pack of 20 tablets.,"Store below 30C in a dry place, protected from light and moisture.",Use only as prescribed by your doctor.,,,,,price-unverified,TRUE
PMS-G007,Glimestar M1,Glimestar,Mankind,Diabetes Care,Glimepiride,1,mg,Metformin,500,mg,,,,,,,tablet,15,tablet,95.00,95.00,12,40,TRUE,H,30049099,Glimepiride 1 mg + Metformin 500 mg tablet for blood sugar control. Pack of 15 tablets.,"Store below 30C in a dry place, protected from light and moisture.",Use only as prescribed by your doctor.,,,,,price-unverified,TRUE
PMS-G008,Glimestar M2,Glimestar,Mankind,Diabetes Care,Glimepiride,2,mg,Metformin,500,mg,,,,,,,tablet,15,tablet,130.00,130.00,12,40,TRUE,H,30049099,Glimepiride 2 mg + Metformin 500 mg tablet for blood sugar control. Pack of 15 tablets.,"Store below 30C in a dry place, protected from light and moisture.",Use only as prescribed by your doctor.,,,,,price-unverified,TRUE
PMS-G009,Gabapin NT 100,Gabapin,Intas,Neuro & Psychiatry,Gabapentin,100,mg,Nortriptyline,10,mg,,,,,,,tablet,10,tablet,95.00,95.00,12,40,TRUE,H,30049099,Gabapentin 100 mg + Nortriptyline 10 mg tablet for neurological care. Pack of 10 tablets.,"Store below 30C in a dry place, protected from light and moisture.",Use only as prescribed by your doctor.,,,,,price-unverified,TRUE
PMS-G010,Gabapin NT 400,Gabapin,Intas,Neuro & Psychiatry,Gabapentin,400,mg,Nortriptyline,10,mg,,,,,,,tablet,10,tablet,165.00,165.00,12,40,TRUE,H,30049099,Gabapentin 400 mg + Nortriptyline 10 mg tablet for neurological care. Pack of 10 tablets.,"Store below 30C in a dry place, protected from light and moisture.",Use only as prescribed by your doctor.,,,,,price-unverified,TRUE
PMS-G011,Gabapin NT 300,Gabapin,Intas,Neuro & Psychiatry,Gabapentin,300,mg,Nortriptyline,10,mg,,,,,,,tablet,10,tablet,145.00,145.00,12,40,TRUE,H,30049099,Gabapentin 300 mg + Nortriptyline 10 mg tablet for neurological care. Pack of 10 tablets.,"Store below 30C in a dry place, protected from light and moisture.",Use only as prescribed by your doctor.,,,,,price-unverified,TRUE
PMS-G012,Gabapin 100,Gabapin,Intas,Neuro & Psychiatry,Gabapentin,100,mg,,,,,,,,,,tablet,10,tablet,55.00,55.00,12,40,TRUE,H,30049099,Gabapentin 100 mg tablet for neurological care. Pack of 10 tablets.,"Store below 30C in a dry place, protected from light and moisture.",Use only as prescribed by your doctor.,,,,,price-unverified,TRUE
PMS-G013,Gemer 2,Gemer,Sun Pharma,Diabetes Care,Glimepiride,2,mg,Metformin,500,mg,,,,,,,tablet,10,tablet,115.00,115.00,12,40,TRUE,H,30049099,Glimepiride 2 mg + Metformin 500 mg tablet for blood sugar control. Pack of 10 tablets.,"Store below 30C in a dry place, protected from light and moisture.",Use only as prescribed by your doctor.,,,,,price-unverified,TRUE
PMS-G014,Gemer 3,Gemer,Sun Pharma,Diabetes Care,Glimepiride,3,mg,Metformin,500,mg,,,,,,,tablet,10,tablet,140.00,140.00,12,40,TRUE,H,30049099,Glimepiride 3 mg + Metformin 500 mg tablet for blood sugar control. Pack of 10 tablets.,"Store below 30C in a dry place, protected from light and moisture.",Use only as prescribed by your doctor.,,,,,price-unverified,TRUE
PMS-G015,Gluformin XL 1000,Gluformin,Abbott,Diabetes Care,Metformin,1000,mg,,,,,,,,,,tablet,10,tablet,55.00,55.00,12,40,TRUE,H,30049099,Metformin 1000 mg tablet for blood sugar control. Pack of 10 tablets.,"Store below 30C in a dry place, protected from light and moisture.",Use only as prescribed by your doctor.,,,,,price-unverified,TRUE
PMS-G016,Glynase MF,Glynase,USV,Diabetes Care,Glipizide,5,mg,Metformin,500,mg,,,,,,,tablet,15,tablet,95.00,95.00,12,40,TRUE,H,30049099,Glipizide 5 mg + Metformin 500 mg tablet for blood sugar control. Pack of 15 tablets.,"Store below 30C in a dry place, protected from light and moisture.",Use only as prescribed by your doctor.,,,,,price-unverified,TRUE
PMS-G017,Glyciphage G1,Glyciphage,Franco-Indian,Diabetes Care,Glimepiride,1,mg,Metformin,500,mg,,,,,,,tablet,15,tablet,90.00,90.00,12,40,TRUE,H,30049099,Glimepiride 1 mg + Metformin 500 mg tablet for blood sugar control. Pack of 15 tablets.,"Store below 30C in a dry place, protected from light and moisture.",Use only as prescribed by your doctor.,,,,,price-unverified,TRUE
PMS-G018,Glyciphage G2,Glyciphage,Franco-Indian,Diabetes Care,Glimepiride,2,mg,Metformin,500,mg,,,,,,,tablet,15,tablet,120.00,120.00,12,40,TRUE,H,30049099,Glimepiride 2 mg + Metformin 500 mg tablet for blood sugar control. Pack of 15 tablets.,"Store below 30C in a dry place, protected from light and moisture.",Use only as prescribed by your doctor.,,,,,price-unverified,TRUE
PMS-G019,Glyciphage SR 500,Glyciphage,Franco-Indian,Diabetes Care,Metformin,500,mg,,,,,,,,,,tablet,20,tablet,40.00,40.00,12,40,TRUE,H,30049099,Metformin 500 mg tablet for blood sugar control. Pack of 20 tablets.,"Store below 30C in a dry place, protected from light and moisture.",Use only as prescribed by your doctor.,,,,,price-unverified,TRUE
PMS-G020,Glizid MR 30,Glizid,Panacea Biotec,Diabetes Care,Gliclazide,30,mg,,,,,,,,,,tablet,10,tablet,55.00,55.00,12,40,TRUE,H,30049099,Gliclazide 30 mg tablet for blood sugar control. Pack of 10 tablets.,"Store below 30C in a dry place, protected from light and moisture.",Use only as prescribed by your doctor.,,,,,price-unverified,TRUE
PMS-G021,Glizid-M XR 60,Glizid-M,Panacea Biotec,Diabetes Care,Gliclazide,60,mg,Metformin,500,mg,,,,,,,tablet,10,tablet,85.00,85.00,12,40,TRUE,H,30049099,Gliclazide 60 mg + Metformin 500 mg tablet for blood sugar control. Pack of 10 tablets.,"Store below 30C in a dry place, protected from light and moisture.",Use only as prescribed by your doctor.,,,,,price-unverified,TRUE
PMS-G022,Gemcal D3,Gemcal,Sun Pharma,Vitamins & Supplements,Calcitriol,0.25,mcg,Calcium Carbonate,500,mg,Cholecalciferol,250,iu,,,,capsule,10,capsule,110.00,110.00,12,40,FALSE,OTC,30049099,Calcitriol 0.25 mcg + Calcium Carbonate 500 mg + Cholecalciferol 250 iu capsule nutritional supplement (calcium + vitamin D3). Pack of 10 capsules.,"Store below 30C in a dry place, protected from light and moisture.",Use as directed on the label or by your pharmacist.,,,,,price-unverified,TRUE
PMS-G023,Gelusil MPS Syrup,Gelusil,Pfizer,Gastro,Magaldrate,400,mg,Simethicone,20,mg,,,,,,,syrup,200,ml,120.00,120.00,12,40,FALSE,OTC,30049099,"Magaldrate 400 mg + Simethicone 20 mg syrup for digestive and stomach care (antacid, per 5 ml). Pack of 200 ml.","Store below 25C, protected from light. Do not refrigerate. Use within one month of opening.",Use as directed on the label or by your pharmacist.,,,,,price-unverified,TRUE
