sku,ourName,ourSlug,currentlyHasRealImage,matchedName,confidence,numbersMatch,imageUrl,approved
PMS-A001,Avil 25,avil-25-pms-a001,false,TAB. Avil 25,1,true,https://pratigyamedicalstore.in/wp-content/uploads/2026/06/shopping-2-1.webp,yes
PMS-A002,Avil 50,avil-50-pms-a002,false,TAB. Avil 50,1,true,https://pratigyamedicalstore.in/wp-content/uploads/2026/06/8c76d612-359e-4c9e-8272-4e78613ac13e.webp,yes
PMS-A003,AF 200,af-200-pms-a003,false,AC-4 F 200 mg,0.2,false,https://pratigyamedicalstore.in/wp-content/uploads/2026/06/8c8b14a6f9554ad28567c36c3794792a.avif,
PMS-A004,AF 400,af-400-pms-a004,false,AC-4 F 400 mg,0.2,false,https://pratigyamedicalstore.in/wp-content/uploads/2026/06/shopping-5.webp,
PMS-A005,Amlovas-S 2.5,amlovas-s-2-5-pms-a005,false,Azomax 2.5,0.4,true,https://pratigyamedicalstore.in/wp-content/uploads/2026/06/product-jpeg.jpeg,
PMS-A006,Amlovas-AT,amlovas-at-pms-a006,false,Amlovas 5,0.333,false,https://pratigyamedicalstore.in/wp-content/uploads/2026/06/shopping-4-1.webp,
PMS-A007,Allegra 120,allegra-120-pms-a007,false,Allegra-5Ml,0.333,false,https://pratigyamedicalstore.in/wp-content/uploads/2026/06/shopping-9-1.webp,
PMS-A008,Allegra 180,allegra-180-pms-a008,false,Allegra-180,1,true,https://pratigyamedicalstore.in/wp-content/uploads/2026/06/shopping-8-1.webp,yes
PMS-A009,Allegra-M,allegra-m-pms-a009,false,Allegra-5Ml,0.333,false,https://pratigyamedicalstore.in/wp-content/uploads/2026/06/shopping-9-1.webp,
PMS-A010,Amaryl M Forte 1mg,amaryl-m-forte-1mg-pms-a010,false,Amaryl M-forte 1mg,1,true,https://pratigyamedicalstore.in/wp-content/uploads/2026/06/3a9973152987443699b862e8e8e3a0c4.avif,yes
PMS-A011,Amaryl M 1mg,amaryl-m-1mg-pms-a011,false,Amaryl M-forte 1mg,0.75,true,https://pratigyamedicalstore.in/wp-content/uploads/2026/06/3a9973152987443699b862e8e8e3a0c4.avif,yes
PMS-A012,Amaryl M 2mg,amaryl-m-2mg-pms-a012,false,Amaryl M-forte 1mg,0.4,false,https://pratigyamedicalstore.in/wp-content/uploads/2026/06/3a9973152987443699b862e8e8e3a0c4.avif,
PMS-A013,Alex Cough Syrup,alex-cough-syrup-pms-a013,false,Alex,0.5,true,https://pratigyamedicalstore.in/wp-content/uploads/2026/06/shopping-10-1.webp,
PMS-A014,Azee 250,azee-250-pms-a014,false,Azee 250Mg,1,true,https://pratigyamedicalstore.in/wp-content/uploads/2026/06/shopping-11-1.webp,yes
PMS-A015,Azee 500,azee-500-pms-a015,false,Azee 500Mg,1,true,https://pratigyamedicalstore.in/wp-content/uploads/2026/06/3.webp,yes
PMS-A016,Azithral 250,azithral-250-pms-a016,false,Azithral 250Mg,1,true,https://pratigyamedicalstore.in/wp-content/uploads/2026/06/shopping-12-1.webp,yes
PMS-A017,Azithral 500,azithral-500-pms-a017,false,Azithral 500Mg,1,true,https://pratigyamedicalstore.in/wp-content/uploads/2026/06/76761-1-800.webp,yes
PMS-A018,Amlokind-AT,amlokind-at-pms-a018,false,Amlokind 5mg AT,0.4,false,https://pratigyamedicalstore.in/wp-content/uploads/2026/06/shopping-13-1.webp,
PMS-A019,Aciloc 150,aciloc-150-pms-a019,false,Aciloc RD 150,0.667,true,https://pratigyamedicalstore.in/wp-content/uploads/2026/06/shopping-16.webp,
PMS-A020,Aciloc 300,aciloc-300-pms-a020,false,Aciloc RD 300,0.667,true,https://pratigyamedicalstore.in/wp-content/uploads/2026/06/shopping-17.webp,
PMS-A021,Augmentin 625 Duo,augmentin-625-duo-pms-a021,false,Augmentin 625,1,true,https://pratigyamedicalstore.in/wp-content/uploads/2026/06/shopping-14.webp,yes
PMS-A022,Aceclo Plus,aceclo-plus-pms-a022,false,Aceclo Plus,1,true,https://pratigyamedicalstore.in/wp-content/uploads/2026/06/shopping-22.webp,yes
PMS-A023,Aceclo MR,aceclo-mr-pms-a023,false,Aceclo MR,1,true,https://pratigyamedicalstore.in/wp-content/uploads/2026/06/shopping-23.webp,yes
PMS-A024,Avomine,avomine-pms-a024,false,Avomine,1,true,https://pratigyamedicalstore.in/wp-content/uploads/2026/06/shopping-18.webp,yes
PMS-A025,Atarax 10,atarax-10-pms-a025,false,Atarax 10,1,true,https://pratigyamedicalstore.in/wp-content/uploads/2026/06/shopping-19.webp,yes
PMS-A026,Atarax 25,atarax-25-pms-a026,false,Atarax 25,1,true,https://pratigyamedicalstore.in/wp-content/uploads/2026/06/shopping-20.webp,yes
PMS-A027,Azulix 1 MF,azulix-1-mf-pms-a027,false,AZULIX 1 mf,1,true,https://pratigyamedicalstore.in/wp-content/uploads/2026/06/shopping-24.webp,yes
PMS-A028,Azulix 2 MF,azulix-2-mf-pms-a028,false,AZULIX 2 mf,1,true,https://pratigyamedicalstore.in/wp-content/uploads/2026/06/shopping-25.webp,yes
PMS-A029,Aten 25,aten-25-pms-a029,false,Aten 25,1,true,https://pratigyamedicalstore.in/wp-content/uploads/2026/06/shopping-26.webp,yes
PMS-A030,Aten 50,aten-50-pms-a030,false,Aten 50,1,true,https://pratigyamedicalstore.in/wp-content/uploads/2026/06/aten50tab_1.jpg,yes
PMS-A031,Aristozyme Liquid,aristozyme-liquid-pms-a031,false,Aristozyme &#038; 60 ml,0.333,false,https://pratigyamedicalstore.in/wp-content/uploads/2026/06/51XVLu8h5ML.jpg,
PMS-A032,AKT-4 Kit,akt-4-kit-pms-a032,false,AKT-4,1,true,https://pratigyamedicalstore.in/wp-content/uploads/2026/06/shopping-27.webp,yes
PMS-A033,Anafortan,anafortan-pms-a033,false,Anafortan,1,true,https://pratigyamedicalstore.in/wp-content/uploads/2026/06/shopping-28.webp,yes
PMS-A034,Asomex 2.5,asomex-2-5-pms-a034,false,Azomax 2.5,0.5,true,https://pratigyamedicalstore.in/wp-content/uploads/2026/06/product-jpeg.jpeg,
PMS-A035,Amodep-AT,amodep-at-pms-a035,false,Amodep 5-AT,0.4,false,https://pratigyamedicalstore.in/wp-content/uploads/2026/06/shopping-29.webp,
PMS-A036,Amlopin-AT,amlopin-at-pms-a036,false,Amlopin AT-M 5,0.4,false,https://pratigyamedicalstore.in/wp-content/uploads/2026/06/shopping-30.webp,
PMS-A037,Arkamin,arkamin-pms-a037,false,ARKAMIN,1,true,https://pratigyamedicalstore.in/wp-content/uploads/2026/06/shopping-31.webp,yes
PMS-A038,Atorfit CV 10,atorfit-cv-10-pms-a038,false,Atorfit CV Gold 10,0.75,true,https://pratigyamedicalstore.in/wp-content/uploads/2026/06/shopping-32.webp,yes
PMS-A039,Atorfit CV 20,atorfit-cv-20-pms-a039,false,Atorfit CV Gold 20,0.75,true,https://pratigyamedicalstore.in/wp-content/uploads/2026/06/shopping-33.webp,yes
PMS-A040,Aristozyme Gold,aristozyme-gold-pms-a040,false,Aristozyme &#038; 60 ml,0.25,false,https://pratigyamedicalstore.in/wp-content/uploads/2026/06/51XVLu8h5ML.jpg,
PMS-B001,Brufen 200,brufen-200-pms-b001,false,AC-4 F 200 mg,0.2,false,https://pratigyamedicalstore.in/wp-content/uploads/2026/06/8c8b14a6f9554ad28567c36c3794792a.avif,
PMS-B002,Brufen 400,brufen-400-pms-b002,false,AC-4 F 400 mg,0.2,false,https://pratigyamedicalstore.in/wp-content/uploads/2026/06/shopping-5.webp,
PMS-B003,Brufen 600,brufen-600-pms-b003,false,Glizina &#8211; M,0,false,https://pratigyamedicalstore.in/wp-content/uploads/2026/07/images-2.jpg,
PMS-B004,Betnesol,betnesol-pms-b004,false,Glizina &#8211; M,0,false,https://pratigyamedicalstore.in/wp-content/uploads/2026/07/images-2.jpg,
PMS-B005,Briv 50,briv-50-pms-b005,false,Aten 50,0.333,true,https://pratigyamedicalstore.in/wp-content/uploads/2026/06/aten50tab_1.jpg,
PMS-B006,Becozyme C Forte,becozyme-c-forte-pms-b006,false,Amaryl M-forte 1mg,0.167,false,https://pratigyamedicalstore.in/wp-content/uploads/2026/06/3a9973152987443699b862e8e8e3a0c4.avif,
PMS-B007,Brutacef 200 DT,brutacef-200-dt-pms-b007,false,AC-4 F 200 mg,0.167,false,https://pratigyamedicalstore.in/wp-content/uploads/2026/06/8c8b14a6f9554ad28567c36c3794792a.avif,
PMS-B008,Brutoflam 90,brutoflam-90-pms-b008,false,Glizina &#8211; M,0,false,https://pratigyamedicalstore.in/wp-content/uploads/2026/07/images-2.jpg,
PMS-B009,Beplex Forte,beplex-forte-pms-b009,false,Amaryl M-forte 1mg,0.2,false,https://pratigyamedicalstore.in/wp-content/uploads/2026/06/3a9973152987443699b862e8e8e3a0c4.avif,
PMS-B010,Baclof 10,baclof-10-pms-b010,false,Atarax 10,0.333,true,https://pratigyamedicalstore.in/wp-content/uploads/2026/06/shopping-19.webp,
PMS-B011,Buscopan,buscopan-pms-b011,false,Glizina &#8211; M,0,false,https://pratigyamedicalstore.in/wp-content/uploads/2026/07/images-2.jpg,
PMS-B012,Buscogast Plus,buscogast-plus-pms-b012,false,Aceclo Plus,0.333,true,https://pratigyamedicalstore.in/wp-content/uploads/2026/06/shopping-22.webp,
PMS-B013,Betnovate-N Cream,betnovate-n-cream-pms-b013,false,Glizina &#8211; M,0,false,https://pratigyamedicalstore.in/wp-content/uploads/2026/07/images-2.jpg,
PMS-C001,Ciplox TZ,ciplox-tz-pms-c001,false,Glizina &#8211; M,0,false,https://pratigyamedicalstore.in/wp-content/uploads/2026/07/images-2.jpg,
PMS-C002,Cepodem 200,cepodem-200-pms-c002,false,AC-4 F 200 mg,0.2,false,https://pratigyamedicalstore.in/wp-content/uploads/2026/06/8c8b14a6f9554ad28567c36c3794792a.avif,
PMS-C003,Concor Cor 2.5,concor-cor-2-5-pms-c003,false,Azomax 2.5,0.4,true,https://pratigyamedicalstore.in/wp-content/uploads/2026/06/product-jpeg.jpeg,
PMS-C004,Concor AM 5,concor-am-5-pms-c004,false,Allegra-5Ml,0.25,true,https://pratigyamedicalstore.in/wp-content/uploads/2026/06/shopping-9-1.webp,
PMS-C005,Concor AM 2.5,concor-am-2-5-pms-c005,false,Azomax 2.5,0.4,true,https://pratigyamedicalstore.in/wp-content/uploads/2026/06/product-jpeg.jpeg,
PMS-C006,Contramol DT,contramol-dt-pms-c006,false,Glizina &#8211; M,0,false,https://pratigyamedicalstore.in/wp-content/uploads/2026/07/images-2.jpg,
PMS-C007,Calpol 500,calpol-500-pms-c007,false,Azithral 500Mg,0.333,true,https://pratigyamedicalstore.in/wp-content/uploads/2026/06/76761-1-800.webp,
PMS-C008,Clopitab 75,clopitab-75-pms-c008,false,Glizina &#8211; M,0,false,https://pratigyamedicalstore.in/wp-content/uploads/2026/07/images-2.jpg,
PMS-C009,Coversyl AM 5,coversyl-am-5-pms-c009,false,Allegra-5Ml,0.25,true,https://pratigyamedicalstore.in/wp-content/uploads/2026/06/shopping-9-1.webp,
PMS-C010,Cilaheart 20,cilaheart-20-pms-c010,false,Atorfit CV Gold 20,0.2,true,https://pratigyamedicalstore.in/wp-content/uploads/2026/06/shopping-33.webp,
PMS-C011,Calcigard 10,calcigard-10-pms-c011,false,Atarax 10,0.333,true,https://pratigyamedicalstore.in/wp-content/uploads/2026/06/shopping-19.webp,
PMS-C012,Cyclopam,cyclopam-pms-c012,false,Glizina &#8211; M,0,false,https://pratigyamedicalstore.in/wp-content/uploads/2026/07/images-2.jpg,
PMS-C013,Ciplar LA 20,ciplar-la-20-pms-c013,false,Atorfit CV Gold 20,0.167,true,https://pratigyamedicalstore.in/wp-content/uploads/2026/06/shopping-33.webp,
PMS-C014,Ciplar LA 40,ciplar-la-40-pms-c014,false,Glizina &#8211; M,0,false,https://pratigyamedicalstore.in/wp-content/uploads/2026/07/images-2.jpg,
PMS-C015,Cetzine 10,cetzine-10-pms-c015,false,Atarax 10,0.333,true,https://pratigyamedicalstore.in/wp-content/uploads/2026/06/shopping-19.webp,
PMS-C016,Cardivas 3.125,cardivas-3-125-pms-c016,false,Glizina &#8211; M,0,false,https://pratigyamedicalstore.in/wp-content/uploads/2026/07/images-2.jpg,
PMS-C017,Clonafit Beta,clonafit-beta-pms-c017,false,Angicam 5mg Beta,0.25,false,https://pratigyamedicalstore.in/wp-content/uploads/2026/06/shopping-21.webp,
PMS-C018,Cardace 2.5,cardace-2-5-pms-c018,false,Azomax 2.5,0.5,true,https://pratigyamedicalstore.in/wp-content/uploads/2026/06/product-jpeg.jpeg,
PMS-C019,Caverta 50,caverta-50-pms-c019,false,Aten 50,0.333,true,https://pratigyamedicalstore.in/wp-content/uploads/2026/06/aten50tab_1.jpg,
PMS-C020,Caverta 100,caverta-100-pms-c020,false,Glizina &#8211; M,0,false,https://pratigyamedicalstore.in/wp-content/uploads/2026/07/images-2.jpg,
PMS-C021,Ciplox 250,ciplox-250-pms-c021,false,Azithral 250Mg,0.333,true,https://pratigyamedicalstore.in/wp-content/uploads/2026/06/shopping-12-1.webp,
PMS-C022,Ciplox 500,ciplox-500-pms-c022,false,Azithral 500Mg,0.333,true,https://pratigyamedicalstore.in/wp-content/uploads/2026/06/76761-1-800.webp,
PMS-C023,Clavam 625,clavam-625-pms-c023,false,Augmentin 625,0.333,true,https://pratigyamedicalstore.in/wp-content/uploads/2026/06/shopping-14.webp,
PMS-C024,Calcimax 500,calcimax-500-pms-c024,false,Azithral 500Mg,0.333,true,https://pratigyamedicalstore.in/wp-content/uploads/2026/06/76761-1-800.webp,
PMS-C025,Cefakind 250,cefakind-250-pms-c025,false,Azithral 250Mg,0.333,true,https://pratigyamedicalstore.in/wp-content/uploads/2026/06/shopping-12-1.webp,
PMS-C026,Cefakind 500,cefakind-500-pms-c026,false,Azithral 500Mg,0.333,true,https://pratigyamedicalstore.in/wp-content/uploads/2026/06/76761-1-800.webp,
PMS-C027,Cipcal 500 D,cipcal-500-d-pms-c027,false,Azithral 500Mg,0.25,true,https://pratigyamedicalstore.in/wp-content/uploads/2026/06/76761-1-800.webp,
PMS-C028,Cyclopam Suspension,cyclopam-suspension-pms-c028,false,Glizina &#8211; M,0,false,https://pratigyamedicalstore.in/wp-content/uploads/2026/07/images-2.jpg,
PMS-C029,Cremaffin Plus Syrup,cremaffin-plus-syrup-pms-c029,false,Aceclo Plus,0.333,true,https://pratigyamedicalstore.in/wp-content/uploads/2026/06/shopping-22.webp,
PMS-C030,Cypon Syrup,cypon-syrup-pms-c030,false,Glizina &#8211; M,0,false,https://pratigyamedicalstore.in/wp-content/uploads/2026/07/images-2.jpg,
PMS-C031,Calcimax D3 Syrup,calcimax-d3-syrup-pms-c031,false,Glizina &#8211; M,0,false,https://pratigyamedicalstore.in/wp-content/uploads/2026/07/images-2.jpg,
PMS-C032,Crocin Syrup 125,crocin-syrup-125-pms-c032,false,Glizina &#8211; M,0,false,https://pratigyamedicalstore.in/wp-content/uploads/2026/07/images-2.jpg,
PMS-C033,Crocin Syrup 250,crocin-syrup-250-pms-c033,false,Azithral 250Mg,0.333,true,https://pratigyamedicalstore.in/wp-content/uploads/2026/06/shopping-12-1.webp,
PMS-D001,Deriphyllin 150,deriphyllin-150-pms-d001,false,Aciloc RD 150,0.25,true,https://pratigyamedicalstore.in/wp-content/uploads/2026/06/shopping-16.webp,
PMS-D002,Deriphyllin Retard 150,deriphyllin-retard-150-pms-d002,false,Aciloc RD 150,0.2,true,https://pratigyamedicalstore.in/wp-content/uploads/2026/06/shopping-16.webp,
PMS-D003,Dolo 650,dolo-650-pms-d003,false,Glizina &#8211; M,0,false,https://pratigyamedicalstore.in/wp-content/uploads/2026/07/images-2.jpg,
PMS-D004,Dynapar 50,dynapar-50-pms-d004,false,Aten 50,0.333,true,https://pratigyamedicalstore.in/wp-content/uploads/2026/06/aten50tab_1.jpg,
PMS-D005,Domstal 10,domstal-10-pms-d005,false,Atarax 10,0.333,true,https://pratigyamedicalstore.in/wp-content/uploads/2026/06/shopping-19.webp,
PMS-D006,Dytor Plus 10,dytor-plus-10-pms-d006,false,Aceclo Plus,0.25,false,https://pratigyamedicalstore.in/wp-content/uploads/2026/06/shopping-22.webp,
PMS-D007,Dytor Plus 20,dytor-plus-20-pms-d007,false,Aceclo Plus,0.25,false,https://pratigyamedicalstore.in/wp-content/uploads/2026/06/shopping-22.webp,
PMS-D008,Dytor 5,dytor-5-pms-d008,false,Allegra-5Ml,0.333,true,https://pratigyamedicalstore.in/wp-content/uploads/2026/06/shopping-9-1.webp,
PMS-D009,Dulcoflex 5,dulcoflex-5-pms-d009,false,Allegra-5Ml,0.333,true,https://pratigyamedicalstore.in/wp-content/uploads/2026/06/shopping-9-1.webp,
PMS-D010,Diclomol,diclomol-pms-d010,false,Glizina &#8211; M,0,false,https://pratigyamedicalstore.in/wp-content/uploads/2026/07/images-2.jpg,
PMS-D011,Diclomol SP,diclomol-sp-pms-d011,false,zerodol sp,0.333,true,https://pratigyamedicalstore.in/wp-content/uploads/2026/06/zerodol-sp-tablet-10_zerodol-sp-tablet-10-TM-TACR1-044727_1-1.avif,
PMS-D012,Dilzem 30,dilzem-30-pms-d012,false,Glizina &#8211; M,0,false,https://pratigyamedicalstore.in/wp-content/uploads/2026/07/images-2.jpg,
PMS-D013,Drotin-M,drotin-m-pms-d013,false,Glizina &#8211; M,0.25,false,https://pratigyamedicalstore.in/wp-content/uploads/2026/07/images-2.jpg,
PMS-D014,Deplatt-A 150,deplatt-a-150-pms-d014,false,Aciloc RD 150,0.2,true,https://pratigyamedicalstore.in/wp-content/uploads/2026/06/shopping-16.webp,
PMS-D015,Doxt 100,doxt-100-pms-d015,false,Glizina &#8211; M,0,false,https://pratigyamedicalstore.in/wp-content/uploads/2026/07/images-2.jpg,
PMS-D016,Dynaglipt-M,dynaglipt-m-pms-d016,false,Glizina &#8211; M,0.25,false,https://pratigyamedicalstore.in/wp-content/uploads/2026/07/images-2.jpg,
PMS-D017,Dolonex DT,dolonex-dt-pms-d017,false,Glizina &#8211; M,0,false,https://pratigyamedicalstore.in/wp-content/uploads/2026/07/images-2.jpg,
PMS-D018,Decdan 0.5,decdan-0-5-pms-d018,false,Allegra-5Ml,0.25,false,https://pratigyamedicalstore.in/wp-content/uploads/2026/06/shopping-9-1.webp,
PMS-D019,Dolowin Plus,dolowin-plus-pms-d019,false,Aceclo Plus,0.333,true,https://pratigyamedicalstore.in/wp-content/uploads/2026/06/shopping-22.webp,
PMS-D020,Defcort 6,defcort-6-pms-d020,false,Glizina &#8211; M,0,false,https://pratigyamedicalstore.in/wp-content/uploads/2026/07/images-2.jpg,
PMS-D021,D3 Must 60K,d3-must-60k-pms-d021,false,Aristozyme &#038; 60 ml,0.167,false,https://pratigyamedicalstore.in/wp-content/uploads/2026/06/51XVLu8h5ML.jpg,
PMS-D022,Dazit 5,dazit-5-pms-d022,false,Allegra-5Ml,0.333,true,https://pratigyamedicalstore.in/wp-content/uploads/2026/06/shopping-9-1.webp,
PMS-D023,Dolowin MR,dolowin-mr-pms-d023,false,Aceclo MR,0.333,true,https://pratigyamedicalstore.in/wp-content/uploads/2026/06/shopping-23.webp,
PMS-D024,Drotin DS,drotin-ds-pms-d024,false,Glizina &#8211; M,0,false,https://pratigyamedicalstore.in/wp-content/uploads/2026/07/images-2.jpg,
PMS-D025,Deriphyllin OD 300,deriphyllin-od-300-pms-d025,false,Aciloc RD 300,0.2,true,https://pratigyamedicalstore.in/wp-content/uploads/2026/06/shopping-17.webp,
PMS-D026,Drotikind-M,drotikind-m-pms-d026,false,Glizina &#8211; M,0.25,false,https://pratigyamedicalstore.in/wp-content/uploads/2026/07/images-2.jpg,
PMS-E001,Ecosprin 150,ecosprin-150-pms-e001,false,Aciloc RD 150,0.25,true,https://pratigyamedicalstore.in/wp-content/uploads/2026/06/shopping-16.webp,
PMS-E002,Ecosprin AV 75,ecosprin-av-75-pms-e002,false,Glizina &#8211; M,0,false,https://pratigyamedicalstore.in/wp-content/uploads/2026/07/images-2.jpg,
PMS-E003,Ecosprin AV 150,ecosprin-av-150-pms-e003,false,Aciloc RD 150,0.2,true,https://pratigyamedicalstore.in/wp-content/uploads/2026/06/shopping-16.webp,
PMS-E004,Ecosprin Gold 10,ecosprin-gold-10-pms-e004,false,Atorfit CV Gold 10,0.4,true,https://pratigyamedicalstore.in/wp-content/uploads/2026/06/shopping-32.webp,
PMS-E005,Ecosprin Gold 20,ecosprin-gold-20-pms-e005,false,Atorfit CV Gold 20,0.4,true,https://pratigyamedicalstore.in/wp-content/uploads/2026/06/shopping-33.webp,
PMS-E006,Enteroquinol,enteroquinol-pms-e006,false,Glizina &#8211; M,0,false,https://pratigyamedicalstore.in/wp-content/uploads/2026/07/images-2.jpg,
PMS-E007,Eritel CH 40,eritel-ch-40-pms-e007,false,Glizina &#8211; M,0,false,https://pratigyamedicalstore.in/wp-content/uploads/2026/07/images-2.jpg,
PMS-E008,Etrobax 90,etrobax-90-pms-e008,false,Glizina &#8211; M,0,false,https://pratigyamedicalstore.in/wp-content/uploads/2026/07/images-2.jpg,
PMS-E009,Enzoflam,enzoflam-pms-e009,false,Glizina &#8211; M,0,false,https://pratigyamedicalstore.in/wp-content/uploads/2026/07/images-2.jpg,
PMS-E010,Emeset 4,emeset-4-pms-e010,false,AKT-4,0.333,true,https://pratigyamedicalstore.in/wp-content/uploads/2026/06/shopping-27.webp,
PMS-F001,Flexon,flexon-pms-f001,false,Glizina &#8211; M,0,false,https://pratigyamedicalstore.in/wp-content/uploads/2026/07/images-2.jpg,
PMS-F002,Flagyl 200,flagyl-200-pms-f002,false,AC-4 F 200 mg,0.2,false,https://pratigyamedicalstore.in/wp-content/uploads/2026/06/8c8b14a6f9554ad28567c36c3794792a.avif,
PMS-F003,Flagyl 400,flagyl-400-pms-f003,false,AC-4 F 400 mg,0.2,false,https://pratigyamedicalstore.in/wp-content/uploads/2026/06/shopping-5.webp,
PMS-F004,Fenac Plus,fenac-plus-pms-f004,false,Aceclo Plus,0.333,true,https://pratigyamedicalstore.in/wp-content/uploads/2026/06/shopping-22.webp,
PMS-F005,Famocid 40,famocid-40-pms-f005,false,Glizina &#8211; M,0,false,https://pratigyamedicalstore.in/wp-content/uploads/2026/07/images-2.jpg,
PMS-F006,Febrex Plus,febrex-plus-pms-f006,false,Aceclo Plus,0.333,true,https://pratigyamedicalstore.in/wp-content/uploads/2026/06/shopping-22.webp,
PMS-F007,Folvite 5,folvite-5-pms-f007,false,Allegra-5Ml,0.333,true,https://pratigyamedicalstore.in/wp-content/uploads/2026/06/shopping-9-1.webp,
PMS-F008,Febrinil 650,febrinil-650-pms-f008,false,Glizina &#8211; M,0,false,https://pratigyamedicalstore.in/wp-content/uploads/2026/07/images-2.jpg,
PMS-F009,Febrinil 500,febrinil-500-pms-f009,false,Azithral 500Mg,0.333,true,https://pratigyamedicalstore.in/wp-content/uploads/2026/06/76761-1-800.webp,
PMS-F010,Flexon Suspension,flexon-suspension-pms-f010,false,Glizina &#8211; M,0,false,https://pratigyamedicalstore.in/wp-content/uploads/2026/07/images-2.jpg,
PMS-F011,Flagyl Suspension,flagyl-suspension-pms-f011,false,Glizina &#8211; M,0,false,https://pratigyamedicalstore.in/wp-content/uploads/2026/07/images-2.jpg,
PMS-G001,Glycomet GP1,glycomet-gp1-pms-g001,false,Glycomet-GP2,0.333,false,https://pratigyamedicalstore.in/wp-content/uploads/2026/07/glycomet-gp-2-tablet-15_glycomet-gp-2-tablet-15-TM-TASR1-000449_1.avif,
PMS-G002,Glycomet GP2,glycomet-gp2-pms-g002,false,Glycomet-GP2,1,true,https://pratigyamedicalstore.in/wp-content/uploads/2026/07/glycomet-gp-2-tablet-15_glycomet-gp-2-tablet-15-TM-TASR1-000449_1.avif,yes
PMS-G003,Glycomet GP0.5,glycomet-gp0-5-pms-g003,false,Glycomet-GP2,0.25,false,https://pratigyamedicalstore.in/wp-content/uploads/2026/07/glycomet-gp-2-tablet-15_glycomet-gp-2-tablet-15-TM-TASR1-000449_1.avif,
PMS-G004,Glycomet GP1 Forte,glycomet-gp1-forte-pms-g004,false,Glycomet-GP2,0.25,false,https://pratigyamedicalstore.in/wp-content/uploads/2026/07/glycomet-gp-2-tablet-15_glycomet-gp-2-tablet-15-TM-TASR1-000449_1.avif,
PMS-G005,Glycomet SR 500,glycomet-sr-500-pms-g005,false,Glycomet-GP2,0.25,false,https://pratigyamedicalstore.in/wp-content/uploads/2026/07/glycomet-gp-2-tablet-15_glycomet-gp-2-tablet-15-TM-TASR1-000449_1.avif,
PMS-G006,Glycomet 500,glycomet-500-pms-g006,false,Glycomet-GP2,0.333,false,https://pratigyamedicalstore.in/wp-content/uploads/2026/07/glycomet-gp-2-tablet-15_glycomet-gp-2-tablet-15-TM-TASR1-000449_1.avif,
PMS-G007,Glimestar M1,glimestar-m1-pms-g007,false,Glizina &#8211; M,0,false,https://pratigyamedicalstore.in/wp-content/uploads/2026/07/images-2.jpg,
PMS-G008,Glimestar M2,glimestar-m2-pms-g008,false,Glizina &#8211; M,0,false,https://pratigyamedicalstore.in/wp-content/uploads/2026/07/images-2.jpg,
PMS-G009,Gabapin NT 100,gabapin-nt-100-pms-g009,false,Glizina &#8211; M,0,false,https://pratigyamedicalstore.in/wp-content/uploads/2026/07/images-2.jpg,
PMS-G010,Gabapin NT 400,gabapin-nt-400-pms-g010,false,AC-4 F 400 mg,0.167,false,https://pratigyamedicalstore.in/wp-content/uploads/2026/06/shopping-5.webp,
PMS-G011,Gabapin NT 300,gabapin-nt-300-pms-g011,false,Aciloc RD 300,0.2,true,https://pratigyamedicalstore.in/wp-content/uploads/2026/06/shopping-17.webp,
PMS-G012,Gabapin 100,gabapin-100-pms-g012,false,Glizina &#8211; M,0,false,https://pratigyamedicalstore.in/wp-content/uploads/2026/07/images-2.jpg,
PMS-G013,Gemer 2,gemer-2-pms-g013,false,Azomax 2.5,0.25,false,https://pratigyamedicalstore.in/wp-content/uploads/2026/06/product-jpeg.jpeg,
PMS-G014,Gemer 3,gemer-3-pms-g014,false,Glizina &#8211; M,0,false,https://pratigyamedicalstore.in/wp-content/uploads/2026/07/images-2.jpg,
PMS-G015,Gluformin XL 1000,gluformin-xl-1000-pms-g015,false,Glizina &#8211; M,0,false,https://pratigyamedicalstore.in/wp-content/uploads/2026/07/images-2.jpg,
PMS-G016,Glynase MF,glynase-mf-pms-g016,false,AZULIX 2 mf,0.25,false,https://pratigyamedicalstore.in/wp-content/uploads/2026/06/shopping-25.webp,
PMS-G017,Glyciphage G1,glyciphage-g1-pms-g017,false,Glizina &#8211; M,0,false,https://pratigyamedicalstore.in/wp-content/uploads/2026/07/images-2.jpg,
PMS-G018,Glyciphage G2,glyciphage-g2-pms-g018,false,Glizina &#8211; M,0,false,https://pratigyamedicalstore.in/wp-content/uploads/2026/07/images-2.jpg,
PMS-G019,Glyciphage SR 500,glyciphage-sr-500-pms-g019,false,Azithral 500Mg,0.25,true,https://pratigyamedicalstore.in/wp-content/uploads/2026/06/76761-1-800.webp,
PMS-G020,Glizid MR 30,glizid-mr-30-pms-g020,false,Aceclo MR,0.25,false,https://pratigyamedicalstore.in/wp-content/uploads/2026/06/shopping-23.webp,
PMS-G021,Glizid-M XR 60,glizid-m-xr-60-pms-g021,false,Glizina &#8211; M,0.167,false,https://pratigyamedicalstore.in/wp-content/uploads/2026/07/images-2.jpg,
PMS-G022,Gemcal D3,gemcal-d3-pms-g022,false,Glizina &#8211; M,0,false,https://pratigyamedicalstore.in/wp-content/uploads/2026/07/images-2.jpg,
PMS-G023,Gelusil MPS Syrup,gelusil-mps-syrup-pms-g023,false,Glizina &#8211; M,0,false,https://pratigyamedicalstore.in/wp-content/uploads/2026/07/images-2.jpg,