sku,name,brand,manufacturer,category,salt_1_name,salt_1_strength,salt_1_unit,salt_2_name,salt_2_strength,salt_2_unit,form,pack_size,pack_unit,price,mrp,gst_rate,stock,prescription_required,schedule_class,hsn_code,short_description,storage_instructions,usage_instructions,side_effects,contraindications,image_url_1,image_url_2,is_active
PMS-0001,Dolo 650,Dolo,Micro Labs,Pain Relief,Paracetamol,650,mg,,,,tablet,15,tablet,30.50,36.00,12,120,FALSE,OTC,30049099,Paracetamol 650mg tablet for fever and pain,Store below 30C in a dry place,One tablet after food,Nausea|Rash,Liver disease,,,TRUE
PMS-0002,Calpol 650,Calpol,GlaxoSmithKline,Pain Relief,Paracetamol,650,mg,,,,tablet,15,tablet,21.90,24.50,12,84,FALSE,OTC,30049099,Paracetamol 650mg tablet for fever,Store below 30C,One tablet after food,Nausea,Liver disease,,,TRUE
PMS-0003,Crocin 650,Crocin,GlaxoSmithKline,Pain Relief,Paracetamol,650,mg,,,,tablet,15,tablet,27.00,30.00,12,60,FALSE,OTC,30049099,Paracetamol 650mg tablet for fever and body ache,Store below 30C,One tablet after food,Nausea,Liver disease,,,TRUE
PMS-0004,Paracip 650,Paracip,Cipla,Pain Relief,Paracetamol,650,mg,,,,tablet,15,tablet,18.50,21.00,12,150,FALSE,OTC,30049099,Paracetamol 650mg tablet,Store below 30C,One tablet after food,Nausea,Liver disease,,,TRUE
PMS-0005,Augmentin 625 Duo,Augmentin,GlaxoSmithKline,Antibiotics,Amoxicillin,500,mg,Clavulanic Acid,125,mg,tablet,10,tablet,205.00,224.00,12,40,TRUE,H,30042020,Amoxicillin and clavulanic acid antibiotic tablet,Store below 25C away from moisture,As prescribed by your doctor,Diarrhoea|Nausea|Rash,Penicillin allergy,,,TRUE
PMS-0006,Amlokind 5,Amlokind,Mankind,Cardiac Care,Amlodipine,5,mg,,,,tablet,15,tablet,32.00,38.00,12,90,TRUE,H,30049099,Amlodipine 5mg tablet for high blood pressure,Store below 30C,One tablet daily or as directed,Ankle swelling|Headache,Severe hypotension,,,TRUE
PMS-0007,Amlong 5,Amlong,Micro Labs,Cardiac Care,Amlodipine,5,mg,,,,tablet,15,tablet,45.00,52.00,12,70,TRUE,H,30049099,Amlodipine 5mg tablet for blood pressure control,Store below 30C,One tablet daily,Ankle swelling|Flushing,Severe hypotension,,,TRUE
PMS-0008,Pan 40,Pan,Alkem,Gastro,Pantoprazole,40,mg,,,,tablet,15,tablet,95.00,110.00,12,55,TRUE,H,30049099,Pantoprazole 40mg tablet for acidity and reflux,Store below 25C,One tablet before breakfast,Headache|Diarrhoea,Known hypersensitivity,,,TRUE
PMS-0009,Pantop 40,Pantop,Aristo,Gastro,Pantoprazole,40,mg,,,,tablet,15,tablet,88.00,99.00,12,65,TRUE,H,30049099,Pantoprazole 40mg tablet for acid reflux,Store below 25C,One tablet before breakfast,Headache,Known hypersensitivity,,,TRUE
